"","Model","alpha.mean","alpha.sd","beta.mean","beta.sd"
"1","Deming",0.269636384,0.006779436,0.0369305201,0.0005366443
"2","OLS",0.269342353,0.008333291,0.0366801948,0.0007592919
"3","WOLS",0.268687103,0.007691144,0.0367348481,0.0007208241
"4","York",0.269489049,0.006770279,0.0369445694,0.0005327961
"5","BLM1_fit",0.264426888768844,0.0111155470293482,0.0371003295555666,0.000926703652852769
"6","BLM1_fit_NoErrors",0.269237600643374,0.0109905799526644,0.0366878128072473,0.000910582152811395
"7","BLM3_fit",0.269124832693961,0.0107371013572796,0.0366955994066381,0.000888561140561777
