"","Model","alpha.mean","alpha.sd","beta.mean","beta.sd"
"1","Deming",0.269515501,0.006957238,0.0369433549,0.000554055
"2","OLS",0.268678232,0.008249938,0.0367489897,0.0007572325
"3","WOLS",0.268635403,0.00773793,0.0367376587,0.0007236096
"4","York",0.269847603,0.007073033,0.0369131861,0.0005663285
"5","BLM1_fit",0.265674094348783,0.0114736265992572,0.0369887229146082,0.000953102420823615
"6","BLM1_fit_NoErrors",0.269688095819543,0.0108301170341784,0.0366542989935908,0.000903903056962607
"7","BLM3_fit",0.269132925515422,0.0111855001218117,0.0366936074043132,0.000926495793999744
