"","Model","alpha.mean","alpha.sd","beta.mean","beta.sd"
"1","Deming",0.269714973,0.006888642,0.0369232402,0.0005465418
"2","OLS",0.269570047,0.008729082,0.0366595194,0.0007873654
"3","WOLS",0.268688932,0.007482536,0.0367379651,0.000701545
"4","York",0.269349259,0.007082721,0.0369548008,0.0005621585
"5","BLM1_fit",0.269069188562747,0.0106887785469051,0.0367079384201579,0.000884849224624287
"6","BLM1_fit_NoErrors",0.269273124258033,0.0104154201888026,0.0366841483462602,0.000860402976350014
"7","BLM3_fit",0.269543843713709,0.0109642265352932,0.0366631558302447,0.000909120004373957
