"","Model","alpha.mean","alpha.sd","beta.mean","beta.sd"
"1","Deming",0.255308846,0.020376571,0.0375039777,0.0015880127
"2","OLS",0.269775748,0.011023193,0.0366478445,0.0009617521
"3","WOLS",0.268613884,0.009671034,0.036749858,0.0008664939
"4","York",0.254840194,0.02011203,0.0375337905,0.0015801529
"5","BLM1_fit",0.266843837628305,0.0125945799290028,0.0368851769439755,0.00103156036399813
"6","BLM1_fit_NoErrors",0.266691752303903,0.0125477376938331,0.0369072173132321,0.00102520623866378
"7","BLM3_fit",0.266533092028329,0.0127329725028518,0.0369105520660463,0.001039872501179
