"","Model","alpha.mean","alpha.se","beta.mean","beta.se"
"1","BLM1_fit",0.2607634775,0.0001647795,3.746931e-02,1.374030e-05
"2","BLM1_fit_NoErrors",0.2603827774,0.0001688315,3.749738e-02,1.400804e-05
"3","BLM3_fit",0.2602001508,0.0001770753,3.751418e-02,1.472066e-05
"4","Deming",0.2633283184,0.0007944983,3.711650e-02,6.223565e-05
"5","OLS",0.2646331634,0.0002978330,3.714343e-02,2.350316e-05
"6","WOLS",0.2645729638,0.0002997508,3.714915e-02,2.387207e-05
"7","York",0.2610499143,0.0006205531,3.744309e-02,4.728431e-05
