"","Model","alpha.mean","alpha.sd","beta.mean","beta.sd"
"1","Deming",0.260645558,0.004416896,0.0376358201,0.0003850865
"2","OLS",0.260685123,0.004654011,0.0376335036,0.0003994429
"3","WOLS",0.260439105,0.004719037,0.0376520556,0.0004175392
"4","York",0.260537104,0.00467418,0.0376449977,0.0004070894
"5","BLM1_fit",0.260364243283131,0.00457547442574939,0.0376604618516523,0.000386953337231431
"6","BLM1_fit_NoErrors",0.260590976878942,0.00459756158689947,0.0376374547701638,0.000386217883761196
"7","BLM3_fit",0.260370395816828,0.00470594045742974,0.0376564579428434,0.000399181755109755
