"","Model","alpha.mean","alpha.sd","beta.mean","beta.sd"
"1","Deming","0.260093923","0.018469382","0.0375358158","0.0014531685"
"2","OLS","0.263962750","0.009209931","0.0371888838","0.0007388177"
"3","WOLS","0.264148510","0.009387627","0.0371809349","0.0007625205"
"4","York","0.260922262","0.019225729","0.0374477241","0.0015054762"
"5","BLM1_fit","0.0331034675336068","0.010437213131876","0.0547338961486735","0.0009045358284626"
"6","BLM1_fit_NoErrors","0.0335975077058045","0.0109092334986937","0.0547094056269701","0.00095625704107984"
"7","BLM3_fit","0.0331513753418361","0.0108488777219614","0.0547403206062635","0.000946707306208147"
