"","Model","alpha.mean","alpha.sd","beta.mean","beta.sd"
"1","Deming","0.259840889","0.018082154","0.0375234323","0.0014264900"
"2","OLS","0.263726518","0.008942764","0.0372163765","0.0007227032"
"3","WOLS","0.263384337","0.009229528","0.0372316552","0.0007367691"
"4","York","0.260727784","0.019161390","0.0374706905","0.0015069396"
"5","BLM1_fit","0.275431819532983","0.00877847180397963","0.0363332567985163","0.000716168140680149"
"6","BLM1_fit_NoErrors","0.275364150861416","0.00858652760585426","0.036340320515549","0.000700852799734015"
"7","BLM3_fit","0.275509784987022","0.00909811578319817","0.0363279187443578","0.000737989095239917"
