"","Model","alpha.mean","alpha.sd","beta.mean","beta.sd"
"1","Deming",0.269634335,0.006847397,0.036929893,0.0005399691
"2","OLS",0.269087214,0.008187907,0.0367004817,0.0007408764
"3","WOLS",0.268510159,0.007588143,0.0367503021,0.0007124338
"4","York",0.26993368,0.00682467,0.0369078149,0.0005395823
"5","BLM1_fit",0.269482472668149,0.0103613247620457,0.0366730124313848,0.000865388199164605
"6","BLM1_fit_NoErrors",0.269751307009168,0.0112041020989672,0.0366424075486427,0.000924223343927397
"7","BLM3_fit",0.26906217267234,0.0106723298631634,0.0367076616087365,0.000880810610465884
