"","Model","alpha.mean","alpha.sd","beta.mean","beta.sd"
"1","Deming",0.269640628,0.006755011,0.0369283604,0.0005340536
"2","OLS",0.269470874,0.008668867,0.0366719987,0.0007808495
"3","WOLS",0.268928441,0.007635029,0.0367195151,0.0007143607
"4","York",0.269454533,0.007043781,0.0369457654,0.0005599513
"5","BLM1_fit",0.26704250185372,0.0104823129130437,0.0368727658967228,0.000864824128965758
"6","BLM1_fit_NoErrors",0.267334205390767,0.0105225718122915,0.0368484201572813,0.000872310604348992
"7","BLM3_fit",0.267487750563297,0.0101543894411888,0.0368350856145401,0.000839622148208948
