"","Model","alpha.mean","alpha.sd","beta.mean","beta.sd"
"1","Deming",0.269516638,0.006848537,0.0369380294,0.0005407629
"2","OLS",0.269141194,0.008540585,0.0366937809,0.0007726485
"3","WOLS",0.268822134,0.007600722,0.0367155962,0.0007063656
"4","York",0.269402734,0.007018545,0.0369523457,0.0005589203
"5","BLM1_fit",0.267295827176698,0.0102223406748171,0.0368532218690835,0.000849475351766402
"6","BLM1_fit_NoErrors",0.267092622216558,0.00998058569252483,0.0368687883474839,0.000827824553795923
"7","BLM3_fit",0.267642832575373,0.00974316163374121,0.0368177940765817,0.00080779171943258
