"","Model","alpha.mean","alpha.se","beta.mean","beta.se"
"1","BLM1_fit",0.2637693011,0.0001240751,3.712625e-02,1.011946e-05
"2","BLM1_fit_NoErrors",0.2642986779,0.0001301447,3.708265e-02,1.056390e-05
"3","BLM3_fit",0.2631295392,0.0001269192,3.718107e-02,1.033456e-05
"4","Deming",0.2634151773,0.0008169446,3.709356e-02,6.471396e-05
"5","OLS",0.2642003314,0.0002801911,3.717825e-02,2.258466e-05
"6","WOLS",0.2642018801,0.0002997353,3.717847e-02,2.383384e-05
"7","York",0.2595151992,0.0006166599,3.759587e-02,4.829530e-05
