"","Model","alpha.mean","alpha.sd","beta.mean","beta.sd"
"1","Deming",0.25456453,0.02092502,0.037569118,0.0016505627
"2","OLS",0.2698278,0.01098195,0.0366423646,0.0009677467
"3","WOLS",0.26872206,0.01015541,0.0367449653,0.0009125033
"4","York",0.25555248,0.02029118,0.0374884215,0.0015927742
"5","BLM1_fit",0.269916931514986,0.013410341961268,0.0366365157066085,0.0011029020190914
"6","BLM1_fit_NoErrors",0.270257616816107,0.0131629335517697,0.03661204081468,0.00107976118659805
"7","BLM3_fit",0.270359573696667,0.0137377805016564,0.0365999967409464,0.00112806531751484
