"","Model","alpha.mean","alpha.sd","beta.mean","beta.sd"
"1","Deming",0.25465355,0.02104297,0.0375686776,0.0016469945
"2","OLS",0.27023976,0.01097786,0.0366040712,0.00095934
"3","WOLS",0.26911372,0.01070986,0.0367072475,0.0009577283
"4","York",0.25451264,0.02172744,0.0375740557,0.0017072894
"5","BLM1_fit",0.266419948227472,0.0125397855210001,0.0369244904095424,0.00102962093855013
"6","BLM1_fit_NoErrors",0.266893304915073,0.0128541914372134,0.0368792128684907,0.00105288748416449
"7","BLM3_fit",0.267226089049068,0.0130799079066308,0.0368589869291428,0.00107529925658643
