"","Model","alpha.mean","alpha.se","beta.mean","beta.se"
"1","BLM1_fit",0.2679161479,0.0001885746,3.692110e-02,1.577887e-05
"2","BLM1_fit_NoErrors",0.2683097867,0.0001963622,3.689350e-02,1.630498e-05
"3","BLM3_fit",0.2681730562,0.0001979427,3.690571e-02,1.642294e-05
"4","Deming",0.2635320402,0.0008167059,3.709375e-02,6.410903e-05
"5","OLS",0.2637694794,0.0002948996,3.720624e-02,2.355716e-05
"6","WOLS",0.2634228281,0.0002852088,3.723300e-02,2.320445e-05
"7","York",0.2604469765,0.0006046400,3.749988e-02,4.669191e-05
