"","Model","alpha.mean","alpha.se","beta.mean","beta.se"
"1","BLM1_fit",0.2731916926,0.0001755363,3.652929e-02,1.470556e-05
"2","BLM1_fit_NoErrors",0.2743335189,0.0001595651,3.643638e-02,1.331030e-05
"3","BLM3_fit",0.2746408802,0.0001627452,3.641338e-02,1.357773e-05
"4","Deming",0.2633662559,0.0008003609,3.712030e-02,6.292602e-05
"5","OLS",0.2638837702,0.0002831513,3.720447e-02,2.275731e-05
"6","WOLS",0.2638276666,0.0002847155,3.720764e-02,2.274480e-05
"7","York",0.2610019119,0.0005789050,3.745435e-02,4.495778e-05
