"","Model","alpha.mean","alpha.sd","beta.mean","beta.sd"
"1","Deming",0.260730389,0.004585115,0.0376277674,0.0003990466
"2","OLS",0.26054489,0.004607727,0.0376386328,0.0003965419
"3","WOLS",0.260481475,0.00465756,0.0376489137,0.000408893
"4","York",0.260764126,0.004636414,0.0376284448,0.0004036054
"5","BLM1_fit",0.259885831711911,0.00463104431929232,0.0376965621695949,0.000390483924263328
"6","BLM1_fit_NoErrors",0.260532285805075,0.00454458450028857,0.0376429064954538,0.00038246335279734
"7","BLM3_fit",0.260737214215375,0.0046545599553335,0.0376271393702103,0.000396064308778632
