"","Model","alpha.mean","alpha.sd","beta.mean","beta.sd"
"1","Deming",0.25512231,0.02011529,0.0375155968,0.0015622454
"2","OLS",0.26966856,0.01115289,0.0366600794,0.0009721491
"3","WOLS",0.26944868,0.01000359,0.0366703765,0.0009021499
"4","York",0.25471734,0.02044656,0.0375549861,0.0016196586
"5","BLM1_fit",0.270002914272457,0.0130189773015073,0.036631936894652,0.00106341486778064
"6","BLM1_fit_NoErrors",0.269825483047793,0.0142604516691683,0.0366468139822235,0.00116893586067409
"7","BLM3_fit",0.270319992524585,0.0133420682480219,0.0366089735401314,0.0010953373553611
