"","Model","alpha.mean","alpha.sd","beta.mean","beta.sd"
"1","Deming",0.25383032,0.02029025,0.0376146699,0.0016084724
"2","OLS",0.2700022,0.01163938,0.0366343504,0.0010230943
"3","WOLS",0.26948285,0.00976507,0.0366773104,0.0008784484
"4","York",0.25575901,0.02041156,0.0374680815,0.0016020461
"5","BLM1_fit",0.266768272340756,0.0126611121472048,0.0368963104079813,0.00103507970823825
"6","BLM1_fit_NoErrors",0.267325382742846,0.012503266534336,0.0368528518651497,0.00102368354294003
"7","BLM3_fit",0.265963986098636,0.0129462064861739,0.0369597898639936,0.00106247374991127
