"","Model","alpha.mean","alpha.sd","beta.mean","beta.sd"
"1","Deming",0.269647466,0.006820826,0.0369296142,0.0005408606
"2","OLS",0.268989894,0.008328141,0.0367069996,0.0007528434
"3","WOLS",0.268379991,0.007990524,0.0367565769,0.0007402237
"4","York",0.269515426,0.006653141,0.0369445049,0.000524151
"5","BLM1_fit",0.269211267000257,0.0109155111324952,0.0366896690558188,0.000901262976502638
"6","BLM1_fit_NoErrors",0.269490911963064,0.0108483531926625,0.0366659183903464,0.000900098140584622
"7","BLM3_fit",0.268542894801603,0.0111348305532773,0.0367447062347943,0.000920006309176611
