"","Model","alpha.mean","alpha.sd","beta.mean","beta.sd"
"1","Deming",0.269279646,0.007027427,0.0369574702,0.0005563793
"2","OLS",0.268831954,0.008375771,0.0367282025,0.0007671547
"3","WOLS",0.268731555,0.008006155,0.0367246171,0.0007480024
"4","York",0.26969263,0.007066082,0.0369279584,0.0005636231
"5","BLM1_fit",0.266215438089616,0.0116182685322998,0.0369468784424389,0.000961556474286404
"6","BLM1_fit_NoErrors",0.269531107582862,0.0108428463832956,0.0366662146242936,0.000902346239134535
"7","BLM3_fit",0.269344121511145,0.0103603848125152,0.0366822223113013,0.000854941359102648
