"","Model","alpha.mean","alpha.sd","beta.mean","beta.sd"
"1","Deming",0.255581132,0.020522336,0.0374875827,0.0015904256
"2","OLS",0.2702214,0.010642475,0.0366064495,0.0009440262
"3","WOLS",0.269438856,0.009911052,0.0366745028,0.0009003406
"4","York",0.255563668,0.021283799,0.0374884503,0.0016731321
"5","BLM1_fit",0.269829999697033,0.0135995831961295,0.0366423663743797,0.00111668265632135
"6","BLM1_fit_NoErrors",0.269913305417968,0.0136811549017627,0.0366339810539733,0.001123778110583
"7","BLM3_fit",0.269576649778079,0.0127882945952255,0.0366626644393653,0.00105282771403467
