"","Model","alpha.mean","alpha.sd","beta.mean","beta.sd"
"1","Deming",0.23507351,0.0372654,0.038896718,0.003018835
"2","OLS",0.26964617,0.02152523,0.036606633,0.001902756
"3","WOLS",0.26402867,0.01891557,0.037075672,0.001708103
"4","York",0.23427024,0.03692759,0.038943256,0.002973872
"5","BLM1_fit",0.268455472852725,0.0261767599205825,0.0366979359381105,0.00215368294300614
"6","BLM1_fit_NoErrors",0.269531217473167,0.0257839017130038,0.0366163137999412,0.00211671051912239
"7","BLM3_fit",0.26899526397074,0.0254424353199604,0.0366610878462595,0.00209042942199696
