"","Model","alpha.mean","alpha.sd","beta.mean","beta.sd"
"1","Deming",0.27094085,0.01774998,0.037098601,0.001413035
"2","OLS",0.26746015,0.01634585,0.036799059,0.0014867
"3","WOLS",0.2643434,0.0145775,0.037038412,0.001366887
"4","York",0.27030844,0.01782605,0.037156273,0.001425347
"5","BLM1_fit",0.251570857926366,0.0241258415626979,0.0381264582873867,0.00203234014974543
"6","BLM1_fit_NoErrors",0.26831947834553,0.0189441604311621,0.0367217920415107,0.00156875746349089
"7","BLM3_fit",0.268781397230457,0.0200918192536079,0.0366710344079467,0.00166859791307699
