"","Model","alpha.mean","alpha.sd","beta.mean","beta.sd"
"1","Deming",0.26998708,0.01799518,0.037174669,0.001438462
"2","OLS",0.26815767,0.01611702,0.03674103,0.00146018
"3","WOLS",0.26403818,0.01427244,0.037072009,0.001335286
"4","York",0.26972797,0.01814683,0.037201742,0.001458976
"5","BLM1_fit",0.261445656248128,0.0181018533790633,0.0372913748481397,0.00150302840473105
"6","BLM1_fit_NoErrors",0.261406845045937,0.0185869248870392,0.037283487007257,0.00154608409293001
"7","BLM3_fit",0.261231278356803,0.0176151407960557,0.0373051495452737,0.00146298107109249
