"","Model","alpha.mean","alpha.sd","beta.mean","beta.sd"
"1","Deming",0.254621681,0.008065131,0.0382137657,0.0007078211
"2","OLS",0.254470084,0.008798556,0.0382463594,0.0007695565
"3","WOLS",0.254329521,0.008529085,0.0382538887,0.0007501881
"4","York",0.255424127,0.008253194,0.0381445925,0.0007132512
"5","BLM1_fit",0.254035496840697,0.00809334432011506,0.0382727616836247,0.000688557611933727
"6","BLM1_fit_NoErrors",0.254529950280828,0.00845594085875371,0.0382257577520531,0.000710832791975445
"7","BLM3_fit",0.254451386688121,0.00821554589263268,0.0382271030773001,0.00069239602680293
