"","Model","alpha.mean","alpha.sd","beta.mean","beta.sd"
"1","Deming",0.255438577,0.008692327,0.0381500938,0.0007491351
"2","OLS",0.254424226,0.008448665,0.038234553,0.000744013
"3","WOLS",0.254696057,0.008552438,0.0382162858,0.00075408
"4","York",0.255022729,0.008262725,0.0381792688,0.0007239825
"5","BLM1_fit",0.254798035760492,0.00843449557758938,0.0382021531251488,0.000720089828784953
"6","BLM1_fit_NoErrors",0.254795667170443,0.00855838267286711,0.0381990033370823,0.000728815200333757
"7","BLM3_fit",0.254460331806085,0.00845526537007869,0.0382309076775441,0.000714310771474773
