"","Model","alpha.mean","alpha.sd","beta.mean","beta.sd"
"1","Deming",0.26956994,0.01783935,0.037211343,0.001419048
"2","OLS",0.26772588,0.01688885,0.036775246,0.001533543
"3","WOLS",0.26419745,0.01454281,0.037060592,0.001362047
"4","York",0.2704232,0.01781072,0.03715136,0.001429426
"5","BLM1_fit",0.267981833779361,0.0201272961197198,0.0367271553721063,0.00165726339029156
"6","BLM1_fit_NoErrors",0.267824983742697,0.0211128772052363,0.0367585763414696,0.00173472295363776
"7","BLM3_fit",0.268363458123227,0.0207143316990421,0.0367140290399055,0.00171963479952972
