"","Model","alpha.mean","alpha.se","beta.mean","beta.se"
"1","BLM1_fit",0.2757827412,0.0002531065,3.683620e-02,1.972919e-05
"2","BLM1_fit_NoErrors",0.2747759659,0.0002709568,3.691082e-02,2.094734e-05
"3","BLM3_fit",0.2765823695,0.0002705549,3.676792e-02,2.104401e-05
"4","Deming",0.2599774583,0.0017487128,3.717032e-02,1.386206e-04
"5","OLS",0.2611972028,0.0005200441,3.737963e-02,4.147369e-05
"6","WOLS",0.2610510431,0.0005468760,3.740224e-02,4.436394e-05
"7","York",0.2510333264,0.0011376325,3.822330e-02,8.835887e-05
