"","Model","alpha.mean","alpha.sd","beta.mean","beta.sd"
"1","Deming",0.27071275,0.0179074,0.037125531,0.001443885
"2","OLS",0.26814431,0.01637003,0.036729017,0.001481814
"3","WOLS",0.26416582,0.01471998,0.037070781,0.001389325
"4","York",0.2689437,0.01852785,0.037255194,0.001497331
"5","BLM1_fit",-0.439746273291452,4.16358314822069,0.116039327736311,0.488933643448483
"6","BLM1_fit_NoErrors",0.267855485742212,0.0203970278503779,0.0367431378560194,0.00168722915933622
"7","BLM3_fit",0.269174982517337,0.0198193452241405,0.0366440351748982,0.00164726324809361
