"","Model","alpha.mean","alpha.sd","beta.mean","beta.sd"
"1","Deming",0.27065014,0.01771417,0.037131368,0.001425312
"2","OLS",0.26832432,0.01646606,0.036717148,0.001474373
"3","WOLS",0.26386482,0.01477182,0.037102444,0.001390969
"4","York",0.27010929,0.01766124,0.037177075,0.001405908
"5","BLM1_fit",0.267925539641054,0.02057938720862,0.0367374967624598,0.00170552622260178
"6","BLM1_fit_NoErrors",0.268817948024957,0.0206599283486749,0.0366661636553891,0.00171592086063148
"7","BLM3_fit",0.268195818158813,0.0212389054723291,0.0367209775838488,0.00176226884674011
