"","Model","alpha.mean","alpha.sd","beta.mean","beta.sd"
"1","Deming",0.27160823,0.01726142,0.037046285,0.001380586
"2","OLS",0.26857387,0.01689343,0.03669455,0.001539987
"3","WOLS",0.26394512,0.01488598,0.037076945,0.00139491
"4","York",0.26997515,0.01801492,0.037177671,0.001436631
"5","BLM1_fit",0.261332615459182,0.0179804736027389,0.037293531639156,0.00148428542768445
"6","BLM1_fit_NoErrors",0.261288720295689,0.0178608558020026,0.0372974263666404,0.0014805547520222
"7","BLM3_fit",0.261334521679501,0.0180861401203906,0.0372828122953097,0.00149925789370968
