"","Model","alpha.mean","alpha.sd","beta.mean","beta.sd"
"1","Deming",0.27088411,0.01704377,0.037112295,0.001359155
"2","OLS",0.26733964,0.01634239,0.03680918,0.00148852
"3","WOLS",0.26435529,0.01468436,0.037043326,0.001373446
"4","York",0.26975167,0.01737764,0.037209613,0.001385879
"5","BLM1_fit",16.1123627476168,20.3454574571275,-4.91310414908786,6.36885365397277
"6","BLM1_fit_NoErrors",0.269091778686613,0.0203657995256017,0.0366453572362659,0.0016848659911312
"7","BLM3_fit",0.267662077775947,0.0205693833553796,0.0367632185022298,0.00170370723783063
