"","Model","alpha.mean","alpha.sd","beta.mean","beta.sd"
"1","Deming",0.26930745,0.01719812,0.037230822,0.001363146
"2","OLS",0.26813591,0.01685657,0.036744952,0.001528982
"3","WOLS",0.26450482,0.01402298,0.037058618,0.001299205
"4","York",0.2708902,0.01740439,0.037111265,0.001389372
"5","BLM1_fit",0.267743220056446,0.0198476380612196,0.0367622499986169,0.00164361921161355
"6","BLM1_fit_NoErrors",0.268964979589333,0.0195617134573255,0.0366598270715054,0.00162507916809995
"7","BLM3_fit",0.268851382302052,0.0206020304455053,0.036673543611075,0.00170266398976798
