"","Model","alpha.mean","alpha.sd","beta.mean","beta.sd"
"1","Deming",0.254952293,0.00865811,0.0382006802,0.000757943
"2","OLS",0.254859318,0.008395449,0.0381823553,0.0007417288
"3","WOLS",0.25455301,0.008605353,0.0382367759,0.0007522093
"4","York",0.254547724,0.008233758,0.0382241524,0.0007252259
"5","BLM1_fit",0.25293346241573,0.00852473225410831,0.0383820463453076,0.0007095464291758
"6","BLM1_fit_NoErrors",0.254906969343266,0.00837395104769507,0.0381919186366592,0.00071209782450325
"7","BLM3_fit",0.254771947148082,0.00832216379037895,0.038210518552649,0.00070557228722196
