"","Model","alpha.mean","alpha.sd","beta.mean","beta.sd"
"1","Deming",0.26991504,0.01795594,0.037186258,0.001447724
"2","OLS",0.26747567,0.01634576,0.036811055,0.001491331
"3","WOLS",0.26491525,0.01409932,0.037006016,0.001326696
"4","York",0.2703541,0.01750053,0.037151982,0.001411466
"5","BLM1_fit",0.261542474542536,0.0179752875660309,0.0372810887167576,0.00149323716462563
"6","BLM1_fit_NoErrors",0.260922405646875,0.0181508570323782,0.037323079200477,0.00150485789245917
"7","BLM3_fit",0.261673379819923,0.0182306688892914,0.0372604297693879,0.00151417029989401
