"","Model","alpha.mean","alpha.sd","beta.mean","beta.sd"
"1","Deming",0.23328303,0.03778505,0.039026944,0.003082092
"2","OLS",0.26986333,0.02059078,0.03658869,0.001815364
"3","WOLS",0.2637895,0.01958645,0.037104101,0.001770858
"4","York",0.23586744,0.03755643,0.038823043,0.003052498
"5","BLM1_fit",0.268721233022975,0.025880254545779,0.0366691841069447,0.00212073851210369
"6","BLM1_fit_NoErrors",0.267446902796997,0.0258789745866192,0.0367806825553042,0.00212687011839263
"7","BLM3_fit",0.267781556765024,0.0253162200136015,0.036762031392339,0.00208071826075383
