"","Model","alpha.mean","alpha.sd","beta.mean","beta.sd"
"1","Deming",0.23225203,0.03597387,0.039106636,0.00293095
"2","OLS",0.26821334,0.02143305,0.036739254,0.001890932
"3","WOLS",0.26372748,0.01970645,0.037106163,0.001775748
"4","York",0.23304024,0.03816032,0.039046253,0.003074899
"5","BLM1_fit",0.259123511725899,0.0216870102012667,0.0374675835408038,0.00177881246382508
"6","BLM1_fit_NoErrors",0.258771811185855,0.0212410953005752,0.0375077670258545,0.00173690197420749
"7","BLM3_fit",0.260473948017817,0.0223247977204909,0.037359850226246,0.00182571056821506
