"","Model","alpha.mean","alpha.sd","beta.mean","beta.sd"
"1","Deming",0.23344553,0.0370797,0.038997675,0.003009913
"2","OLS",0.268893,0.02068338,0.036660676,0.001820164
"3","WOLS",0.26402847,0.0190866,0.037070404,0.001724282
"4","York",0.23346794,0.03697016,0.039039117,0.003010873
"5","BLM1_fit",0.259147582678138,0.0218071455418088,0.0374594869913166,0.00178798299270023
"6","BLM1_fit_NoErrors",0.259496151985262,0.0213441227203362,0.0374479535987853,0.00173379284863936
"7","BLM3_fit",0.258957262408653,0.0221060221753296,0.037483025550881,0.00179395688736174
