"","Model","alpha.mean","alpha.se","beta.mean","beta.se"
"1","BLM1_fit",0.2759032923,0.0002729427,3.579102e-02,2.206285e-05
"2","BLM1_fit_NoErrors",0.2775313458,0.0003042717,3.566101e-02,2.449886e-05
"3","BLM3_fit",0.2769243260,0.0003021891,3.571032e-02,2.443781e-05
"4","Deming",0.2598955374,0.0016805143,3.722579e-02,1.323807e-04
"5","OLS",0.2607561277,0.0005449877,3.742807e-02,4.404624e-05
"6","WOLS",0.2618992101,0.0005407713,3.734770e-02,4.363535e-05
"7","York",0.2487734056,0.0010774202,3.841737e-02,8.487546e-05
