"","Model","alpha.mean","alpha.sd","beta.mean","beta.sd"
"1","Deming",0.26445998,0.02541756,0.037852086,0.00206492
"2","OLS",0.26491974,0.02200698,0.037004237,0.001988661
"3","WOLS",0.25917564,0.02095619,0.037502615,0.001936389
"4","York",0.26567056,0.02554122,0.03775212,0.002092776
"5","BLM1_fit",0.26571430258079,0.0265340235307653,0.0369204858021057,0.00219968157971546
"6","BLM1_fit_NoErrors",0.266626820642511,0.0266076804290671,0.036856557012142,0.00220487994622056
"7","BLM3_fit",0.265484810668177,0.0270012948255002,0.0369490890411402,0.00222503300532418
