"","Model","alpha.mean","alpha.sd","beta.mean","beta.sd"
"1","Deming",0.21616163,0.04554056,0.040288821,0.003770056
"2","OLS",0.26564245,0.0284202,0.036947168,0.002500494
"3","WOLS",0.25759119,0.02610875,0.037588737,0.002327382
"4","York",0.2169292,0.04757488,0.040228607,0.003954044
"5","BLM1_fit",0.265711140535208,0.0336290338390519,0.0369256653722677,0.00275994750640956
"6","BLM1_fit_NoErrors",0.267046839384282,0.0342327841740307,0.0368157219468538,0.00279928430999526
"7","BLM3_fit",0.266123510154637,0.0335446713086575,0.0369003018605851,0.00274999341509443
