"","Model","alpha.mean","alpha.sd","beta.mean","beta.sd"
"1","Deming",0.21417667,0.0483933,0.040480262,0.004023619
"2","OLS",0.26715798,0.02828396,0.036796953,0.002490692
"3","WOLS",0.25784451,0.02511486,0.037622244,0.00222751
"4","York",0.21825598,0.04643599,0.040145754,0.003840232
"5","BLM1_fit",0.264850130936389,0.032733930467524,0.0370067770881761,0.00268880056682017
"6","BLM1_fit_NoErrors",0.265783875399616,0.0328853530636285,0.0369300380050721,0.00268367380223718
"7","BLM3_fit",0.267572218783087,0.0338964627609151,0.0367822226555394,0.00277575420276721
