"","Model","alpha.mean","alpha.sd","beta.mean","beta.sd"
"1","Deming",0.21626823,0.04691504,0.040323489,0.003902344
"2","OLS",0.26709588,0.03005295,0.036809932,0.002653107
"3","WOLS",0.25585433,0.02639284,0.037761717,0.00235354
"4","York",0.21541229,0.0457092,0.040382271,0.003786223
"5","BLM1_fit",0.253198714545237,0.0261990928925959,0.0379561070867422,0.00213577510573098
"6","BLM1_fit_NoErrors",0.254870146625683,0.0261898252490123,0.0378191647834062,0.00213611995880647
"7","BLM3_fit",0.255071754518944,0.0258542095025483,0.0377918004717672,0.00209751727790932
