"","Model","alpha.mean","alpha.sd","beta.mean","beta.sd"
"1","Deming",0.25193197,0.01009377,0.0384688371,0.0008815404
"2","OLS",0.25267448,0.01061614,0.0383911094,0.0009271397
"3","WOLS",0.25160337,0.01071769,0.0384986015,0.0009487611
"4","York",0.25185985,0.01037372,0.0384613309,0.0009113506
"5","BLM1_fit",0.251129542120389,0.0104127654808602,0.0385349205408137,0.000882477762295118
"6","BLM1_fit_NoErrors",0.251452637106151,0.0101690490384976,0.0384988960657806,0.000857186562151042
"7","BLM3_fit",0.251310924449967,0.0101336544736992,0.0385133430343377,0.000860160394761164
