"","Model","alpha.mean","alpha.sd","beta.mean","beta.sd"
"1","Deming",0.2650324,0.02602428,0.037815297,0.002127353
"2","OLS",0.26534448,0.0208959,0.036963299,0.001921112
"3","WOLS",0.25874938,0.02002191,0.037530784,0.001839573
"4","York",0.2648725,0.02575869,0.03781561,0.002104881
"5","BLM1_fit",0.235030220552782,0.0372643446994664,0.0395091732666107,0.00310656919293037
"6","BLM1_fit_NoErrors",0.267245902717972,0.027594416107593,0.0367987020026814,0.00227874229714159
"7","BLM3_fit",0.267247181367638,0.0268065574251961,0.0368005067593982,0.00222641623176174
