"","Model","alpha.mean","alpha.sd","beta.mean","beta.sd"
"1","Deming",0.26548927,0.02582671,0.037779631,0.002115834
"2","OLS",0.26727624,0.02175672,0.036816089,0.001981247
"3","WOLS",0.25816766,0.02016899,0.037595652,0.00187463
"4","York",0.26545283,0.02531296,0.037783205,0.002060785
"5","BLM1_fit",0.256381933467259,0.0220467002186282,0.0377057815443179,0.00182800130766062
"6","BLM1_fit_NoErrors",0.255906286530192,0.021725185104686,0.0377285836871712,0.00178352238845183
"7","BLM3_fit",0.256179841609302,0.0227381544535063,0.037711811559893,0.00187277176470016
