"","Model","alpha.mean","alpha.sd","beta.mean","beta.sd"
"1","Deming",0.26644414,0.02559196,0.037711531,0.002105401
"2","OLS",0.26818033,0.02235247,0.036730068,0.002017755
"3","WOLS",0.25774607,0.01972102,0.037625498,0.001826391
"4","York",0.26676667,0.02505509,0.037692618,0.002054175
"5","BLM1_fit",0.256349162406643,0.0207846173621155,0.037702014279408,0.00172280643244444
"6","BLM1_fit_NoErrors",0.256397079844737,0.0224662485931664,0.037696371727809,0.00185266287120488
"7","BLM3_fit",0.256800891648418,0.0216504123280361,0.0376565009634626,0.00178951484633234
