"","Model","alpha.mean","alpha.sd","beta.mean","beta.sd"
"1","Deming",0.26611776,0.02465865,0.037723228,0.002003658
"2","OLS",0.26644223,0.02198386,0.036869731,0.001989194
"3","WOLS",0.25837841,0.01856907,0.037558719,0.00172397
"4","York",0.26503336,0.02606325,0.037829126,0.002145429
"5","BLM1_fit",0.264776995319229,0.0264526234934265,0.0370129928870992,0.0021816220940024
"6","BLM1_fit_NoErrors",0.26494201931375,0.0264243850013626,0.0369979995989908,0.00219739103815313
"7","BLM3_fit",0.266002757981343,0.02698823948934,0.0368979780302197,0.00223499391520249
