"","Model","alpha.mean","alpha.sd","beta.mean","beta.sd"
"1","Deming",0.26583545,0.02583147,0.0377665,0.002103571
"2","OLS",0.26601766,0.0221533,0.036923782,0.00199989
"3","WOLS",0.25924531,0.01968118,0.037479013,0.001834227
"4","York",0.26433224,0.02513851,0.037885072,0.002056668
"5","BLM1_fit",0.265506439407839,0.0267155971881678,0.0369452751920494,0.00221524947237329
"6","BLM1_fit_NoErrors",0.266312846621867,0.0271838592800559,0.0368828349357129,0.0022460902033449
"7","BLM3_fit",0.266980762062708,0.026680378788548,0.0368261519817397,0.00220492679277651
