"","Model","alpha.mean","alpha.sd","beta.mean","beta.sd"
"1","Deming",0.26445457,0.02590076,0.037863582,0.002115405
"2","OLS",0.26636882,0.02270577,0.03690258,0.00206249
"3","WOLS",0.25949493,0.01947106,0.037460588,0.001803158
"4","York",0.26536512,0.0248434,0.037784917,0.002019841
"5","BLM1_fit",0.256607438418646,0.0219165228003353,0.0376773536991274,0.00180847724856319
"6","BLM1_fit_NoErrors",0.257513317700376,0.0223475096602974,0.0376050683465117,0.00185130869265186
"7","BLM3_fit",0.257834985201324,0.022453577842383,0.0375747434534256,0.00185782063982898
