"","Model","alpha.mean","alpha.sd","beta.mean","beta.sd"
"1","Deming",0.21720367,0.04557557,0.040229217,0.003799441
"2","OLS",0.26672193,0.0308009,0.036871305,0.00269333
"3","WOLS",0.25826429,0.02720462,0.037583293,0.002432878
"4","York",0.21614041,0.04614563,0.040311359,0.003836537
"5","BLM1_fit",0.264685063123966,0.0327885403810268,0.0370150222553159,0.0026801234146735
"6","BLM1_fit_NoErrors",0.264899770543555,0.0340962062148756,0.0369988613483904,0.00278869790782228
"7","BLM3_fit",0.267000149234436,0.0331941253650863,0.036820856572733,0.00271659313554758
