"","Model","alpha.mean","alpha.se","beta.mean","beta.se"
"1","BLM1_fit",0.2743528726,0.0003166273,3.593815e-02,2.619449e-05
"2","BLM1_fit_NoErrors",0.2778252648,0.0003323156,3.569309e-02,2.740792e-05
"3","BLM3_fit",0.2755709582,0.0003196457,3.583624e-02,2.627838e-05
"4","Deming",0.2609540518,0.0022798475,3.712330e-02,1.809196e-04
"5","OLS",0.2595940283,0.0006870697,3.749856e-02,5.520405e-05
"6","WOLS",0.2601505237,0.0007095964,3.747105e-02,5.689825e-05
"7","York",0.2417193770,0.0012748835,3.900695e-02,1.016644e-04
