"","Model","alpha.mean","alpha.sd","beta.mean","beta.sd"
"1","Deming",0.26486244,0.02530564,0.037844824,0.002047029
"2","OLS",0.26689477,0.02229048,0.036862119,0.002028837
"3","WOLS",0.25921466,0.01873268,0.037492651,0.001738096
"4","York",0.26591048,0.02447891,0.037746089,0.001991156
"5","BLM1_fit",0.240801804442298,0.0367392013520958,0.0390320130802886,0.00307277451468282
"6","BLM1_fit_NoErrors",0.266253199475561,0.0271361561400738,0.0368746002053878,0.00224392613923797
"7","BLM3_fit",0.266684840309297,0.0265373068293747,0.0368414209665977,0.00218953291662762
