"","Model","alpha.mean","alpha.sd","beta.mean","beta.sd"
"1","Deming",0.25167851,0.01111699,0.0384895425,0.0009676338
"2","OLS",0.25190168,0.01072806,0.0384649907,0.0009402076
"3","WOLS",0.25170868,0.01083584,0.0384982272,0.0009622194
"4","York",0.25196245,0.01018877,0.0384604252,0.0008972084
"5","BLM1_fit",0.245683476387578,0.00884623633587933,0.0390246379371778,0.000755717540949873
"6","BLM1_fit_NoErrors",0.252439181530539,0.0106858640478223,0.0384231215061307,0.000896508864482341
"7","BLM3_fit",0.252151021855149,0.0105747843136399,0.0384422724502444,0.000900621670008892
