"","Model","alpha.mean","alpha.sd","beta.mean","beta.sd"
"1","Deming",0.2161425,0.04779215,0.040299119,0.003973696
"2","OLS",0.26623003,0.02834648,0.036899236,0.002469913
"3","WOLS",0.25727613,0.02769956,0.037644043,0.002445985
"4","York",0.2170301,0.04607077,0.040254282,0.003829906
"5","BLM1_fit",0.252981768703328,0.025141947074425,0.0379709731899391,0.00207187616239538
"6","BLM1_fit_NoErrors",0.254189538011613,0.0254354170624553,0.0378620398727308,0.00207599288393092
"7","BLM3_fit",0.254930782623524,0.024447508857887,0.0378155977437925,0.00199889342277692
