"","Model","alpha.mean","alpha.sd","beta.mean","beta.sd"
"1","Deming","0.24084373","0.03913037","0.039077123","0.003158195"
"2","OLS","0.26099799","0.02246610","0.037410633","0.001793674"
"3","WOLS","0.26041364","0.02234534","0.037430509","0.001794665"
"4","York","0.24171994","0.04575425","0.038939013","0.003601090"
"5","BLM1_fit","0.272238585841044","0.0185134096244778","0.036136545857914","0.001435669381842"
"6","BLM1_fit_NoErrors","0.273275124023313","0.0188342860627081","0.0360622081105087","0.00145472633578191"
"7","BLM3_fit","0.272436313235985","0.019792030159046","0.0361230054589631","0.00154262570991479"
