"","Model","alpha.mean","alpha.sd","beta.mean","beta.sd"
"1","Deming",0.21633135,0.04617136,0.04028387,0.00383467
"2","OLS",0.26642956,0.02857801,0.036858589,0.002514699
"3","WOLS",0.25883762,0.02631613,0.037503159,0.002344836
"4","York",0.21949687,0.04558407,0.040033944,0.003761776
"5","BLM1_fit",0.253479079673529,0.0247084689410781,0.0379372274948302,0.00203819799420312
"6","BLM1_fit_NoErrors",0.253849484522521,0.0252500240975967,0.0379004495092385,0.0020568365351898
"7","BLM3_fit",0.254156684345171,0.0254101163289202,0.0378822313966287,0.00208599844479346
