"","Model","alpha.mean","alpha.se","beta.mean","beta.se"
"1","BLM1_fit",0.2416737269,0.0003900019,3.957806e-02,3.223708e-05
"2","BLM1_fit_NoErrors",0.2457560254,0.0004182352,3.924629e-02,3.454192e-05
"3","BLM3_fit",0.2427463038,0.0004049966,3.948835e-02,3.335250e-05
"4","Deming",0.2595721340,0.0024522356,3.719766e-02,1.977600e-04
"5","OLS",0.2610927627,0.0007045515,3.736739e-02,5.661096e-05
"6","WOLS",0.2611113724,0.0007406185,3.738628e-02,5.884449e-05
"7","York",0.2423928062,0.0013321056,3.892650e-02,1.090899e-04
