"","Model","alpha.mean","alpha.sd","beta.mean","beta.sd"
"1","Deming",0.26583978,0.02561766,0.03775465,0.002100351
"2","OLS",0.26716854,0.02214296,0.036812733,0.001998218
"3","WOLS",0.25812055,0.01882501,0.037587729,0.001747551
"4","York",0.26401015,0.02580195,0.037897231,0.002091025
"5","BLM1_fit",0.23228205753594,0.034889275238939,0.0397512048970612,0.00292487451483899
"6","BLM1_fit_NoErrors",0.266360807622725,0.0264167516249758,0.0368555710451851,0.00218845376641503
"7","BLM3_fit",0.266334410243181,0.0267742030286757,0.0368795794701559,0.00221350428734955
