"","Model","alpha.mean","alpha.sd","beta.mean","beta.sd"
"1","Deming",0.25165798,0.01039596,0.0384811682,0.0009267581
"2","OLS",0.25242421,0.01037842,0.0384137063,0.0009264323
"3","WOLS",0.25258544,0.01116354,0.0384141008,0.0009768356
"4","York",0.25176892,0.01059728,0.0384781524,0.0009351386
"5","BLM1_fit",0.251748756914868,0.0107391794389185,0.0384809304521533,0.000916989749828994
"6","BLM1_fit_NoErrors",0.252823233911829,0.0102956890286234,0.0383865677277281,0.000876938008202011
"7","BLM3_fit",0.252910595583326,0.0107977307093998,0.0383831231598554,0.000908618810404349
