"","Model","alpha.mean","alpha.se","beta.mean","beta.se"
"1","BLM1_fit",0.2671197205,0.0001285118,3.690231e-02,1.040512e-05
"2","BLM1_fit_NoErrors",0.2677861558,0.0001216131,3.685332e-02,9.830740e-06
"3","BLM3_fit",0.2679385765,0.0001242403,3.683956e-02,9.966250e-06
"4","Deming",0.2637926877,0.0008323694,3.707003e-02,6.513038e-05
"5","OLS",0.2637266908,0.0002897111,3.721361e-02,2.300966e-05
"6","WOLS",0.2646177972,0.0003018009,3.715051e-02,2.426397e-05
"7","York",0.2603097132,0.0006129471,3.750448e-02,4.787787e-05
