"","Model","alpha.mean","alpha.sd","beta.mean","beta.sd"
"1","Deming","0.254518500","0.023376414","0.0380325365","0.0015142085"
"2","OLS","0.260993563","0.005269811","0.0374073118","0.0004245938"
"3","WOLS","0.261362118","0.005029670","0.0373807557","0.0004036026"
"4","York","0.255040445","0.024283050","0.0379968409","0.0015676585"
"5","BLM1_fit","0.262671911736975","0.00477145697989771","0.0372262100425803","0.000382631559636856"
"6","BLM1_fit_NoErrors","0.262927286446701","0.00500076312308261","0.0372077484603913","0.000401244475967291"
"7","BLM3_fit","0.263065858755195","0.00495296624192628","0.0371976613984064","0.000398326619865186"
