"","Model","alpha.mean","alpha.sd","beta.mean","beta.sd"
"1","Deming","0.25041607","0.03685894","0.038286593","0.002871010"
"2","OLS","0.26213086","0.01710160","0.037321221","0.001370111"
"3","WOLS","0.26182019","0.01716316","0.037339381","0.001373015"
"4","York","0.25055982","0.03271207","0.038261887","0.002561614"
"5","BLM1_fit","0.0295172942662833","0.0101285829083727","0.0549353046448945","0.000935958684720684"
"6","BLM1_fit_NoErrors","0.0293112959753273","0.0100740792886927","0.0549425953926159","0.000909737630859146"
"7","BLM3_fit","0.0293370863532925","0.00991766451425304","0.0549606458270935","0.000907952251946699"
