"","Model","alpha.mean","alpha.se","beta.mean","beta.se"
"1","BLM1_fit",2.604763e-01,8.371469e-05,3.743156e-02,6.727855e-06
"2","BLM1_fit_NoErrors",2.609368e-01,8.580941e-05,3.739340e-02,6.899444e-06
"3","BLM3_fit",2.620302e-01,8.666167e-05,3.730611e-02,6.976568e-06
"4","Deming",2.564503e-01,1.747213e-03,3.744902e-02,1.375970e-04
"5","OLS",2.607290e-01,5.059369e-04,3.740643e-02,4.019113e-05
"6","WOLS",2.615978e-01,4.713986e-04,3.734609e-02,3.728994e-05
"7","York",2.547922e-01,2.292354e-03,3.818305e-02,1.447348e-04
