"","Model","alpha.mean","alpha.sd","beta.mean","beta.sd"
"1","Deming","0.251813832","0.029800004","0.0383431585","0.0019443869"
"2","OLS","0.260956590","0.006757552","0.0373915131","0.0005447649"
"3","WOLS","0.260974313","0.006807899","0.0373929724","0.0005429797"
"4","York","0.251039139","0.029350834","0.0383543684","0.0019050303"
"5","BLM1_fit","0.259291178507715","0.00656288410367509","0.0374659222234614","0.000529009358657438"
"6","BLM1_fit_NoErrors","0.259839607979505","0.00640504036778106","0.0374159930241261","0.000516134342482936"
"7","BLM3_fit","0.260101206342453","0.00659899940076534","0.0373966622732627","0.000532724294836234"
