"","Model","alpha.mean","alpha.sd","beta.mean","beta.sd"
"1","Deming","0.252661872","0.030066857","0.0382942103","0.0019647943"
"2","OLS","0.261131109","0.006887224","0.0373742035","0.0005455861"
"3","WOLS","0.260861731","0.006953490","0.0373984713","0.0005489290"
"4","York","0.253147972","0.030825032","0.0382597202","0.0020418752"
"5","BLM1_fit","0.1501917011759","0.00815316420581851","0.046045462448649","0.000652129503390393"
"6","BLM1_fit_NoErrors","0.150949819419427","0.00792797251513935","0.0459846130609505","0.000635578017353754"
"7","BLM3_fit","0.151371687657526","0.00761238061246119","0.0459456879836592","0.000607567858767832"
