"","Model","alpha.mean","alpha.sd","beta.mean","beta.sd"
"1","Deming","0.251557802","0.030062091","0.0383315910","0.0019463875"
"2","OLS","0.260370277","0.006749362","0.0374393510","0.0005434858"
"3","WOLS","0.261395648","0.007032869","0.0373581211","0.0005583978"
"4","York","0.251371064","0.029358193","0.0383457246","0.0019009498"
"5","BLM1_fit","0.251388935809196","0.00535930417792279","0.0381269011233683","0.000429864111301846"
"6","BLM1_fit_NoErrors","0.25279988175266","0.00547639315170303","0.0380123842580393","0.000436430522233631"
"7","BLM3_fit","0.252321549529618","0.00574304050625394","0.0380500071549589","0.000459212071308565"
