"","Model","alpha.mean","alpha.sd","beta.mean","beta.sd"
"1","Deming","0.24475479","0.05070018","0.038766894","0.003966750"
"2","OLS","0.25931260","0.02259265","0.037524479","0.001796796"
"3","WOLS","0.26116846","0.02291062","0.037358654","0.001838777"
"4","York","0.24348522","0.04311534","0.038816984","0.003344461"
"5","BLM1_fit","0.263947134255849","0.0231337139036737","0.0366512259364697","0.0019099976584854"
"6","BLM1_fit_NoErrors","0.264832725327579","0.0230448109132906","0.0365907816408654","0.00190287373720479"
"7","BLM3_fit","0.266299232192869","0.0230330438877988","0.0364646797633484","0.00187586890599902"
