"","Model","alpha.mean","alpha.sd","beta.mean","beta.sd"
"1","Deming",0.268346583,0.002003314,0.0369574214,0.0001586146
"2","OLS",0.26690365,0.002708114,0.036955235,0.0002191156
"3","WOLS",0.267435647,0.002748395,0.0369121573,0.0002233838
"4","York",0.268218216,0.001881045,0.0369705391,0.0001499015
"5","BLM1_fit",0.2671241251794,0.00268744115334096,0.0369398629462662,0.000217158281229868
"6","BLM1_fit_NoErrors",0.266995133000557,0.0027761081489682,0.036948876370005,0.000223082278765648
"7","BLM3_fit",0.267097032693006,0.00283693927946194,0.0369411075937635,0.000228050645527911
