"","Model","alpha.mean","alpha.sd","beta.mean","beta.sd"
"1","Deming",0.266443555,0.00426161,0.0372111629,0.0003412539
"2","OLS",0.265261062,0.005146941,0.0370674845,0.0004191519
"3","WOLS",0.265456108,0.00502361,0.0370481355,0.0004078452
"4","York",0.266258959,0.004152015,0.0372276675,0.0003281572
"5","BLM1_fit",0.264799242483247,0.00512471674885736,0.0371061288438334,0.000413073403935109
"6","BLM1_fit_NoErrors",0.264950150792217,0.00501036691609548,0.0370926641323345,0.000403378163193203
"7","BLM3_fit",0.265349815129019,0.00506237522978506,0.0370621611976189,0.000409310857490569
