"","Model","alpha.mean","alpha.sd","beta.mean","beta.sd"
"1","Deming",0.262033199,0.004864392,0.0376564863,0.0003995955
"2","OLS",0.26351913,0.006509892,0.037205959,0.0005300752
"3","WOLS",0.264018149,0.006322359,0.037156375,0.0005197274
"4","York",0.261953358,0.004840565,0.0376620651,0.0003918129
"5","BLM1_fit",0.262448110009371,0.00668960790316122,0.037288777987474,0.000538466915630909
"6","BLM1_fit_NoErrors",0.26325547042128,0.00647940927214888,0.0372233126734717,0.000520953935675141
"7","BLM3_fit",0.263567892822213,0.00648671368441392,0.0371988951809828,0.000520878369796974
