"","Model","alpha.mean","alpha.sd","beta.mean","beta.sd"
"1","Deming","0.26153412","0.03593097","0.037432525","0.002928702"
"2","OLS","0.26346610","0.02370565","0.037227959","0.001907101"
"3","WOLS","0.26353436","0.02575224","0.037238044","0.002062743"
"4","York","0.25995878","0.03804249","0.037524308","0.003049269"
"5","BLM1_fit","0.274436289568904","0.0182148333137661","0.0365658208720188","0.00157723258473774"
"6","BLM1_fit_NoErrors","0.273423211679045","0.0164423381518891","0.0366550186535615","0.00141831966996297"
"7","BLM3_fit","0.273330352961611","0.0182169208210284","0.0366668499614976","0.00156701420714528"
