"","Model","alpha.mean","alpha.sd","beta.mean","beta.sd"
"1","Deming",0.25180346,0.01439773,0.038048157,0.00122513
"2","OLS",0.24202305,0.02135281,0.038843756,0.001897551
"3","WOLS",0.24000822,0.02342944,0.039014182,0.0020329
"4","York",0.25235578,0.01422377,0.038007572,0.001212299
"5","BLM1_fit",0.243518872068848,0.0261456967745719,0.0387015332997934,0.00216722312598833
"6","BLM1_fit_NoErrors",0.242335773593972,0.0265989852533573,0.0387981592087511,0.00220263896289508
"7","BLM3_fit",0.244428529592327,0.0254894619619246,0.0386218191310718,0.00212037813817105
