"","Model","alpha.mean","alpha.se","beta.mean","beta.se"
"1","BLM1_fit",0.2652357809,0.0004358874,3.694185e-02,3.196810e-05
"2","BLM1_fit_NoErrors",0.2708639531,0.0004701192,3.653171e-02,3.453188e-05
"3","BLM3_fit",0.2727189315,0.0004306540,3.638557e-02,3.150774e-05
"4","Deming",0.2650301619,0.0018492040,3.707179e-02,1.487105e-04
"5","OLS",0.2634449989,0.0007488319,3.724665e-02,5.995946e-05
"6","WOLS",0.2619867899,0.0007766681,3.734991e-02,6.288629e-05
"7","York",0.2608317627,0.0011190702,3.747360e-02,9.171977e-05
