"","Model","alpha.mean","alpha.se","beta.mean","beta.se"
"1","BLM1_fit",0.2336226881,0.0006649193,3.928362e-02,5.766100e-05
"2","BLM1_fit_NoErrors",0.2355317070,0.0005867356,3.912104e-02,5.114661e-05
"3","BLM3_fit",0.2355841564,0.0005995304,3.911384e-02,5.230486e-05
"4","Deming",0.2616981012,0.0016605662,3.722679e-02,1.304437e-04
"5","OLS",0.2638408421,0.0007393746,3.720549e-02,5.887791e-05
"6","WOLS",0.2642233983,0.0007960243,3.717868e-02,6.433780e-05
"7","York",0.2632967556,0.0011581015,3.727590e-02,9.351809e-05
