"","Model","alpha.mean","alpha.sd","beta.mean","beta.sd"
"1","Deming",0.21408526,0.03456796,0.040984268,0.002934762
"2","OLS",0.23670325,0.02740994,0.039255945,0.002319312
"3","WOLS",0.23277076,0.03006031,0.039581645,0.002564116
"4","York",0.21131542,0.03455445,0.041215355,0.002914919
"5","BLM1_fit",0.236891996734161,0.0243357574134741,0.0392129084831289,0.00199392056978595
"6","BLM1_fit_NoErrors",0.235945883710238,0.0229382374545731,0.0392879975891635,0.00188653891664278
"7","BLM3_fit",0.236095444358731,0.0233319471632979,0.0392718155225416,0.0019204711545917
