"","Model","alpha.mean","alpha.sd","beta.mean","beta.sd"
"1","Deming",0.25199479,0.01550735,0.03803568,0.001314342
"2","OLS",0.2424539,0.02099657,0.038799637,0.00185908
"3","WOLS",0.23837758,0.02345438,0.039165266,0.00206004
"4","York",0.25234356,0.01556448,0.038006727,0.001310551
"5","BLM1_fit",0.238388431264274,0.0277960044468809,0.0391598886559936,0.0023208659757345
"6","BLM1_fit_NoErrors",0.242583820788163,0.0278119892746971,0.0387807607429417,0.0022967266368638
"7","BLM3_fit",0.242300913558453,0.0262613507436277,0.0388030682613319,0.00219450063439523
