"","Model","alpha.mean","alpha.sd","beta.mean","beta.sd"
"1","Deming",0.25251811,0.01442456,0.037991114,0.001233702
"2","OLS",0.24037629,0.02287459,0.039001023,0.002002611
"3","WOLS",0.23833984,0.02400946,0.039162822,0.002088856
"4","York",0.25259301,0.01339194,0.037983828,0.001164327
"5","BLM1_fit",0.241758549583218,0.0204623237734378,0.0388502927075747,0.00169524135212029
"6","BLM1_fit_NoErrors",0.241631768837428,0.0205594635112862,0.0388359727324017,0.00169220093669518
"7","BLM3_fit",0.241691507031734,0.0212807218999917,0.0388427473094118,0.00177058749008071
