"","Model","alpha.mean","alpha.sd","beta.mean","beta.sd"
"1","Deming",0.2732816,0.01209201,0.0359902521,0.0009865672
"2","OLS",0.27301414,0.01189636,0.0360155007,0.0009540938
"3","WOLS",0.27449083,0.01289987,0.0358809156,0.0010465293
"4","York",0.27331013,0.01291677,0.0359764886,0.0010276179
"5","BLM1_fit",0.266892876868424,0.0143827842764623,0.0365143977619138,0.00122683548745383
"6","BLM1_fit_NoErrors",0.266537288271703,0.0135166108719124,0.0365376795840212,0.00115463284721496
"7","BLM3_fit",0.266343377783049,0.0149472955390499,0.0365609369899203,0.00126827745027504
