"","Model","alpha.mean","alpha.sd","beta.mean","beta.sd"
"1","Deming",0.25267384,0.01388816,0.037983499,0.001197625
"2","OLS",0.24245372,0.02093872,0.038787982,0.001826849
"3","WOLS",0.23837188,0.02281484,0.039145256,0.002012173
"4","York",0.25198167,0.015577,0.038025118,0.001322565
"5","BLM1_fit",0.242496240482188,0.025954657321798,0.0387821377187673,0.00215452741144275
"6","BLM1_fit_NoErrors",0.243770696757241,0.0255362817640275,0.0386837584031516,0.00213380156257602
"7","BLM3_fit",0.242755801063433,0.025681150533773,0.0387591324319857,0.00213852775241605
