"","Model","alpha.mean","alpha.sd","beta.mean","beta.sd"
"1","Deming",0.25147049,0.01565973,0.038081512,0.001333773
"2","OLS",0.24161377,0.02169316,0.038885138,0.001902758
"3","WOLS",0.23895916,0.02503683,0.039102874,0.002176284
"4","York",0.25081608,0.01652294,0.038130661,0.001383939
"5","BLM1_fit",83.4896770223596,110.740894552418,-7.38791742503491,9.94121496796178
"6","BLM1_fit_NoErrors",0.243578607548773,0.0250730119288116,0.038696499073679,0.00208424277416509
"7","BLM3_fit",0.241790673763201,0.0253306518823095,0.0388304420245108,0.00209071795710602
