"","Model","alpha.mean","alpha.sd","beta.mean","beta.sd"
"1","Deming",0.25197368,0.01546599,0.038042011,0.00132205
"2","OLS",0.24335676,0.02106602,0.038719049,0.001859541
"3","WOLS",0.24022411,0.02294641,0.039010337,0.002028415
"4","York",0.2522741,0.01493053,0.038009347,0.001274517
"5","BLM1_fit",0.24382852371486,0.0256665718929132,0.0386574726136496,0.00214155306042887
"6","BLM1_fit_NoErrors",0.24232216088662,0.0250678558572159,0.0387872800191356,0.00207835186068463
"7","BLM3_fit",0.245411525293374,0.027094854026767,0.0385298468997546,0.00225478021363598
