"","Model","alpha.mean","alpha.sd","beta.mean","beta.sd"
"1","Deming",0.27321741,0.01262793,0.035988704,0.00097791
"2","OLS",0.27329479,0.01239941,0.0359839084,0.0009819811
"3","WOLS",0.27404934,0.01367156,0.0359309242,0.0011191905
"4","York",0.27326941,0.01268003,0.0359848833,0.001019002
"5","BLM1_fit",0.27233972951756,0.0158847510910672,0.0360467236861605,0.00136279303019762
"6","BLM1_fit_NoErrors",0.27132799657495,0.0167394879007497,0.0361320868053324,0.00144542929308532
"7","BLM3_fit",0.271614265171913,0.0154997757954418,0.0361105906462889,0.00133225336978571
