"","Model","alpha.mean","alpha.sd","beta.mean","beta.sd"
"1","Deming",0.25211665,0.01486162,0.03802079,0.00127158
"2","OLS",0.24154973,0.02063484,0.03888359,0.001840882
"3","WOLS",0.23845979,0.02320635,0.039147879,0.002024207
"4","York",0.25200639,0.01442169,0.038034419,0.001242431
"5","BLM1_fit",0.241049296319158,0.0203064428368363,0.0389014072751215,0.00168382474217867
"6","BLM1_fit_NoErrors",0.241289751112717,0.0215661463801345,0.0388764770465355,0.00179746896422472
"7","BLM3_fit",0.240829271628693,0.0206153254447532,0.038926254858659,0.00170823228672286
