"","Model","alpha.mean","alpha.se","beta.mean","beta.se"
"1","BLM1_fit",0.2309121009,0.0004536440,3.964041e-02,3.370450e-05
"2","BLM1_fit_NoErrors",0.2310255888,0.0005943559,3.964647e-02,4.402658e-05
"3","BLM3_fit",0.2315472064,0.0005595686,3.960286e-02,4.171761e-05
"4","Deming",0.2633869049,0.0017790920,3.715540e-02,1.437430e-04
"5","OLS",0.2632577451,0.0007403033,3.725262e-02,6.068036e-05
"6","WOLS",0.2634824712,0.0007676428,3.724353e-02,6.224694e-05
"7","York",0.2613523100,0.0010830185,3.743369e-02,8.747287e-05
