"","Model","alpha.mean","alpha.sd","beta.mean","beta.sd"
"1","Deming",0.2516771,0.01554508,0.038061068,0.001312166
"2","OLS",0.24125002,0.0215456,0.038918293,0.001907549
"3","WOLS",0.23809841,0.02417018,0.039191529,0.002108023
"4","York",0.25224461,0.01454051,0.038017243,0.001241612
"5","BLM1_fit",-1.93650579268938,11.7346754215548,-4.07953152632587,14.7393286259248
"6","BLM1_fit_NoErrors",0.244689657064948,0.0260922962334475,0.0385873954360569,0.00216767690822207
"7","BLM3_fit",0.241802369759688,0.0260890578429815,0.0388471939454939,0.00217065528440564
