"","Model","alpha.mean","alpha.sd","beta.mean","beta.sd"
"1","Deming",0.21166412,0.03462303,0.041195041,0.002920058
"2","OLS",0.23539653,0.02738391,0.039370091,0.002348911
"3","WOLS",0.23192043,0.03044702,0.039652998,0.002584647
"4","York",0.20939485,0.03391897,0.041389918,0.002853614
"5","BLM1_fit",0.236333889019972,0.023690612728965,0.0392463868038201,0.00194208144766021
"6","BLM1_fit_NoErrors",0.237253260877469,0.0240203697693976,0.0391824688883357,0.00195575458074696
"7","BLM3_fit",0.238262061857054,0.0241369181431014,0.0391007538245294,0.00196982957940055
