"","Model","alpha.mean","alpha.sd","beta.mean","beta.sd"
"1","Deming",0.20839278,0.03396358,0.041465647,0.002851307
"2","OLS",0.2348633,0.02691682,0.03940601,0.002321348
"3","WOLS",0.23470773,0.03204603,0.039415465,0.002703805
"4","York",0.21183517,0.03493838,0.041175267,0.002950721
"5","BLM1_fit",0.237803351646251,0.0328156796997854,0.0391383605166518,0.0026982191836864
"6","BLM1_fit_NoErrors",0.237589200114819,0.0343239274943301,0.0391575753462675,0.00281534317406731
"7","BLM3_fit",0.238238525259238,0.0332271694693266,0.0390986647828265,0.00273357087652098
