"","Model","alpha.mean","alpha.sd","beta.mean","beta.sd"
"1","Deming",0.16943161,0.05699965,0.044436599,0.004786618
"2","OLS",0.21023419,0.0493993,0.041425081,0.00424703
"3","WOLS",0.19755114,0.05264271,0.042540476,0.00455231
"4","York",0.17034399,0.06016765,0.044340893,0.005035785
"5","BLM1_fit",0.213167526410853,0.0637296343492025,0.041134047104467,0.00523644095504151
"6","BLM1_fit_NoErrors",0.211223457212729,0.0612827452479233,0.0412869418680497,0.005054840890549
"7","BLM3_fit",0.20891972860833,0.0616116730348159,0.0414741132451318,0.00506082877008181
