"","Model","alpha.mean","alpha.sd","beta.mean","beta.sd"
"1","Deming",0.16699374,0.05922458,0.044637607,0.004988622
"2","OLS",0.2090594,0.04951583,0.041530585,0.004288761
"3","WOLS",0.19702659,0.05654523,0.042562917,0.00485505
"4","York",0.1704777,0.05770054,0.04434036,0.004852048
"5","BLM1_fit",-82.5575675179463,92.4951547530417,7.06418307489843,7.87031630828586
"6","BLM1_fit_NoErrors",0.207287545632826,0.0603460570458789,0.0415990061819633,0.00497939139407339
"7","BLM3_fit",0.210217985156647,0.0667863221588393,0.0413933917133146,0.00548139972107745
