"","Model","alpha.mean","alpha.sd","beta.mean","beta.sd"
"1","Deming",0.22766571,0.02405027,0.040033732,0.002136457
"2","OLS",0.21944423,0.04096103,0.040785348,0.003640748
"3","WOLS",0.21201935,0.04019364,0.041335446,0.003573229
"4","York",0.22838105,0.02475657,0.039965913,0.002186891
"5","BLM1_fit",0.209006470932443,0.0579947043264918,0.041486322737182,0.00487784045367839
"6","BLM1_fit_NoErrors",0.224156789797136,0.0483706914188044,0.0402741804881019,0.00402539719474113
"7","BLM3_fit",0.223019154818595,0.0466761242736255,0.0403592652849356,0.00389522119029794
