"","Model","alpha.mean","alpha.sd","beta.mean","beta.sd"
"1","Deming",0.22849535,0.02426139,0.039959535,0.002146504
"2","OLS",0.2201337,0.03968799,0.04066504,0.00351438
"3","WOLS",0.21107738,0.04352109,0.041465356,0.003866488
"4","York",0.22795179,0.02628695,0.039999324,0.002285457
"5","BLM1_fit",0.223537769464335,0.0506088158893275,0.0403374041716298,0.00422942307333895
"6","BLM1_fit_NoErrors",0.218870885817798,0.0508777386940767,0.0407275717369742,0.00422796478315797
"7","BLM3_fit",0.220802746286421,0.0482467271087032,0.0405288295430012,0.00400935806439471
