"","Model","alpha.mean","alpha.se","beta.mean","beta.se"
"1","BLM1_fit",0.2293527949,0.0004004483,3.979118e-02,3.287396e-05
"2","BLM1_fit_NoErrors",0.2294839887,0.0004465928,3.980581e-02,3.669316e-05
"3","BLM3_fit",0.2276355500,0.0004565565,3.995167e-02,3.746747e-05
"4","Deming",0.2581115657,0.0034630235,3.757586e-02,2.747275e-04
"5","OLS",0.2600887792,0.0013954471,3.748041e-02,1.128213e-04
"6","WOLS",0.2599007318,0.0014928219,3.747901e-02,1.207718e-04
"7","York",0.2513412853,0.0018736125,3.821514e-02,1.521097e-04
