"","Model","alpha.mean","alpha.sd","beta.mean","beta.sd"
"1","Deming",0.28007542,0.02212004,0.035032049,0.001708522
"2","OLS",0.28022665,0.0218618,0.035023581,0.001687678
"3","WOLS",0.28210477,0.0255721,0.034894346,0.00197307
"4","York",0.2780498,0.02211789,0.035188695,0.001714314
"5","BLM1_fit",0.277322812316087,0.0286399072562891,0.0352248824764103,0.00241779499532163
"6","BLM1_fit_NoErrors",0.276888210096159,0.0291445682741937,0.0352653344388021,0.00246446690394935
"7","BLM3_fit",0.277503977546518,0.026802475766139,0.0352155653789545,0.00229379466085618
