"","Model","alpha.mean","alpha.se","beta.mean","beta.se"
"1","BLM1_fit",0.1937591612,0.0005026463,4.261761e-02,4.084114e-05
"2","BLM1_fit_NoErrors",0.1914751711,0.0004812666,4.281602e-02,3.904712e-05
"3","BLM3_fit",0.1936841668,0.0004095238,4.263873e-02,3.322159e-05
"4","Deming",0.2662053987,0.0032744971,3.683587e-02,2.614029e-04
"5","OLS",0.2617173988,0.0013740856,3.736358e-02,1.109199e-04
"6","WOLS",0.2579958696,0.0015098858,3.767045e-02,1.221741e-04
"7","York",0.2480687503,0.0020710402,3.850494e-02,1.684364e-04
