"","Model","alpha.mean","alpha.sd","beta.mean","beta.sd"
"1","Deming",0.22921412,0.02506217,0.039901331,0.002215212
"2","OLS",0.22086526,0.03969493,0.040604391,0.003516432
"3","WOLS",0.21393062,0.04104771,0.041208211,0.00361199
"4","York",0.22798873,0.02553899,0.039984905,0.002240077
"5","BLM1_fit",0.230455709135217,0.0295777182351094,0.0397434374702953,0.00245191844837179
"6","BLM1_fit_NoErrors",0.230213583948275,0.0283587826136623,0.039761447918049,0.00235933236866818
"7","BLM3_fit",0.229217626271742,0.0295835618560441,0.0398485970735196,0.00244130280371717
