"","Model","alpha.mean","alpha.sd","beta.mean","beta.sd"
"1","Deming",0.22879958,0.02447778,0.039923641,0.002152233
"2","OLS",0.22032445,0.03804831,0.04067317,0.003383916
"3","WOLS",0.21268652,0.04027793,0.041305097,0.003607811
"4","York",0.22994962,0.02394012,0.039818044,0.002149287
"5","BLM1_fit",0.230371196014558,0.0301233392858496,0.0397423069538276,0.00249613253879289
"6","BLM1_fit_NoErrors",0.229371882748547,0.0299055655282583,0.0398208093678672,0.00247354976688124
"7","BLM3_fit",0.228724935271471,0.0279233363722244,0.0398801197858231,0.00230911996483664
