"","Model","alpha.mean","alpha.sd","beta.mean","beta.sd"
"1","Deming",0.22858288,0.02495751,0.039939103,0.00222225
"2","OLS",0.2191487,0.03716242,0.040752797,0.003282023
"3","WOLS",0.21292816,0.04455541,0.04129202,0.003901335
"4","York",0.22965193,0.02459291,0.039845744,0.002167836
"5","BLM1_fit",0.217430996931131,0.0533100355932819,0.0410217964198226,0.00437256066469566
"6","BLM1_fit_NoErrors",0.222985502687732,0.0491861543046159,0.0403641274063859,0.00409477992624338
"7","BLM3_fit",0.223139828075827,0.0486907309517423,0.0403386500184799,0.00403915211374387
