"","Model","alpha.mean","alpha.sd","beta.mean","beta.sd"
"1","Deming",0.28022708,0.02333401,0.035044842,0.001828334
"2","OLS",0.2804963,0.02323828,0.034999362,0.001800606
"3","WOLS",0.28184002,0.02317865,0.034889514,0.001812457
"4","York",0.28002874,0.02191769,0.035057285,0.001715159
"5","BLM1_fit",0.262878314597544,0.0231029758546968,0.0364737357391349,0.00195651990071346
"6","BLM1_fit_NoErrors",0.262791727657394,0.0225955684171661,0.0364757084621793,0.00190409630982636
"7","BLM3_fit",0.263076103330201,0.0223827555016152,0.0364750214351619,0.00191138032975344
