"","Model","alpha.mean","alpha.sd","beta.mean","beta.sd"
"1","Deming","0.24663612","0.06337474","0.038592993","0.005160801"
"2","OLS","0.26132101","0.04197786","0.037376501","0.003409416"
"3","WOLS","0.25911808","0.04697797","0.037572793","0.003799155"
"4","York","0.24886067","0.06218074","0.038463691","0.004943873"
"5","BLM1_fit","0.249248040643996","0.0324303025654724","0.0382622618584136","0.00248358270896477"
"6","BLM1_fit_NoErrors","0.251532804358396","0.0309033848723244","0.038111165317236","0.00233803346433312"
"7","BLM3_fit","0.250609062281543","0.0318965346852986","0.0381819733538327","0.00243891344110942"
