"","Model","alpha.mean","alpha.sd","beta.mean","beta.sd"
"1","Deming",0.22799444,0.02439017,0.03999273,0.002163956
"2","OLS",0.22181909,0.0624775,0.040586215,0.005201533
"3","WOLS",0.21191569,0.04289499,0.041450503,0.003790868
"4","York",0.22747088,0.02527076,0.040061953,0.002232412
"5","BLM1_fit",0.222585864593899,0.049813807264844,0.0403972753471215,0.00413391352645826
"6","BLM1_fit_NoErrors",0.223216495369849,0.0491561518404886,0.0403429633741254,0.00408417920707631
"7","BLM3_fit",0.222971440887412,0.0487840948580418,0.0403631882706564,0.00407768042155399
