"","Model","alpha.mean","alpha.sd","beta.mean","beta.sd"
"1","Deming",0.22880684,0.02496412,0.039932551,0.002186611
"2","OLS",0.22078167,0.03887384,0.040620653,0.003463509
"3","WOLS",0.2115597,0.04176595,0.041441985,0.003681591
"4","York",0.22969324,0.02496758,0.039846502,0.002208313
"5","BLM1_fit",0.22397851214917,0.0519782843395146,0.0402954137581766,0.0043238717731609
"6","BLM1_fit_NoErrors",0.222447149451346,0.0497542069258914,0.0404113371385094,0.0041466314997643
"7","BLM3_fit",0.22384156969896,0.0473274962934829,0.0402894958137901,0.00396668535554584
