"","Model","alpha.mean","alpha.se","beta.mean","beta.se"
"1","BLM1_fit",0.2834087992,0.0006986343,3.612659e-02,6.029059e-05
"2","BLM1_fit_NoErrors",0.2816768494,0.0007634665,3.627756e-02,6.605025e-05
"3","BLM3_fit",0.2753118667,0.0007852685,3.683503e-02,6.762852e-05
"4","Deming",0.2583206049,0.0034688942,3.745867e-02,2.798232e-04
"5","OLS",0.2614858991,0.0012979149,3.741279e-02,1.041825e-04
"6","WOLS",0.2619822641,0.0014848440,3.731963e-02,1.212962e-04
"7","York",0.2475521754,0.0027325845,3.856485e-02,2.190159e-04
