"","Model","alpha.mean","alpha.sd","beta.mean","beta.sd"
"1","Deming",0.22874329,0.02486059,0.039932871,0.002197573
"2","OLS",0.22192764,0.04816381,0.040559787,0.00412541
"3","WOLS",0.21310371,0.04312579,0.041300771,0.003806474
"4","York",0.22903252,0.02414266,0.039915529,0.00211432
"5","BLM1_fit",0.20342754876552,0.0637822150872206,0.0420132435135963,0.00531427693723518
"6","BLM1_fit_NoErrors",0.22319614718441,0.0458544655418299,0.0403366559407915,0.00381498669740628
"7","BLM3_fit",0.221672271391096,0.046193941308367,0.0404762773416774,0.00385256330428404
