"","Model","alpha.mean","alpha.sd","beta.mean","beta.sd"
"1","Deming",0.22900224,0.02557413,0.039901133,0.002247601
"2","OLS",0.22147798,0.03965335,0.040581775,0.003497473
"3","WOLS",0.21135225,0.04209081,0.041471556,0.003707619
"4","York",0.2297215,0.02547238,0.03984323,0.00225993
"5","BLM1_fit",0.229956771813852,0.028619701942445,0.0397701341893983,0.00238002248127707
"6","BLM1_fit_NoErrors",0.229492562879772,0.0290058951627584,0.0398287255747958,0.00239481839098131
"7","BLM3_fit",0.232231746861792,0.0301339791363481,0.0395886675982976,0.00248340203622848
