"","Model","alpha.mean","alpha.sd","beta.mean","beta.sd"
"1","Deming",0.16897987,0.05798588,0.044450458,0.004877649
"2","OLS",0.2094292,0.05119841,0.041495828,0.00436751
"3","WOLS",0.19883872,0.05204326,0.042396713,0.004466154
"4","York",0.17014925,0.05919716,0.044384561,0.004985809
"5","BLM1_fit",0.213934104374619,0.064157196923516,0.0410869728466138,0.00529582731393741
"6","BLM1_fit_NoErrors",0.211958621658882,0.060523310873491,0.0412286524986945,0.00498207019961788
"7","BLM3_fit",0.213534285582782,0.0560808891695921,0.041084067245066,0.00462431109434778
