"","Model","alpha.mean","alpha.sd","beta.mean","beta.sd"
"1","Deming",0.17008724,0.05937713,0.044407926,0.004998092
"2","OLS",0.2088347,0.05355674,0.041546702,0.004547049
"3","WOLS",0.19933148,0.05545002,0.04234244,0.004801434
"4","York",0.17157129,0.06011114,0.044236085,0.005040972
"5","BLM1_fit",0.226754427515299,0.0304975198221927,0.0400035364921484,0.0025022711882875
"6","BLM1_fit_NoErrors",0.228320044886092,0.0322848275931937,0.0398687982555671,0.00262426311670097
"7","BLM3_fit",0.228110776252999,0.0325126694401859,0.0398852666112361,0.00263419741505812
