"","Model","alpha.mean","alpha.sd","beta.mean","beta.sd"
"1","Deming",0.20886158,0.03683413,0.041693166,0.003150366
"2","OLS",0.20958567,0.04711456,0.04168613,0.004197145
"3","WOLS",0.19866171,0.05814013,0.04270988,0.005092039
"4","York",0.20805069,0.03664764,0.041765285,0.003181549
"5","BLM1_fit",0.175184350021327,0.0892893445637791,0.0445847844387512,0.00753620548361325
"6","BLM1_fit_NoErrors",0.211538039840959,0.0614684570139587,0.0414859274812404,0.00513097846857316
"7","BLM3_fit",0.209382354668376,0.0713780167613052,0.0416160336336506,0.00596397188528293
