"","Model","alpha.mean","alpha.sd","beta.mean","beta.sd"
"1","Deming",0.21017601,0.03494215,0.041549987,0.003065626
"2","OLS",0.21053639,0.04877447,0.04164758,0.004344821
"3","WOLS",0.19692722,0.05620746,0.042845702,0.004999015
"4","York",0.21110401,0.03759653,0.041499752,0.003293683
"5","BLM1_fit",0.229068924547817,0.0319513806827194,0.0399648694167198,0.0026573368182095
"6","BLM1_fit_NoErrors",0.2270631336393,0.0311328341688636,0.0401565213901854,0.0025868339737247
"7","BLM3_fit",0.228958165237363,0.0324443260078555,0.039973298477171,0.00266674650646015
