"","Model","alpha.mean","alpha.sd","beta.mean","beta.sd"
"1","Deming",0.21036376,0.03795173,0.041556564,0.003324111
"2","OLS",0.20748148,0.05101963,0.041913747,0.004535316
"3","WOLS",0.19741018,0.0610277,0.042842701,0.005493926
"4","York",0.21003895,0.03706435,0.041565457,0.003239545
"5","BLM1_fit",0.227758885364967,0.0323964368033019,0.0400603485827859,0.00265244685528349
"6","BLM1_fit_NoErrors",0.228373197425198,0.0314399442399971,0.0400343525673663,0.00258927516921251
"7","BLM3_fit",0.229950966626509,0.0309188258017761,0.0398944262485823,0.00255732953834997
