"","Model","alpha.mean","alpha.sd","beta.mean","beta.sd"
"1","Deming",0.21125692,0.03742015,0.041443281,0.003277081
"2","OLS",0.21231893,0.05029601,0.041450043,0.004415638
"3","WOLS",0.19937882,0.05661686,0.042610986,0.005015711
"4","York",0.21013599,0.03717617,0.04156037,0.003225284
"5","BLM1_fit",0.20638081579722,0.0654637391689732,0.0418914383965393,0.00546046900762459
"6","BLM1_fit_NoErrors",0.209501357871772,0.0647224428246855,0.0416113015990378,0.00542016305007683
"7","BLM3_fit",0.212441872104735,0.0621958010540851,0.041361812749825,0.00519200641355
