"","Model","alpha.mean","alpha.sd","beta.mean","beta.sd"
"1","Deming","0.24990963","0.18682278","0.038475077","0.014941336"
"2","OLS","0.25809720","0.05526826","0.037627291","0.004405658"
"3","WOLS","0.26403779","0.05719904","0.037145394","0.004580468"
"4","York","0.24050622","0.07544520","0.039127683","0.006247015"
"5","BLM1_fit","0.207032280856603","0.0451492328843653","0.0407137710255507","0.0035538654990094"
"6","BLM1_fit_NoErrors","0.207225622444142","0.0422874966063754","0.0407050740856917","0.00334444241791171"
"7","BLM3_fit","0.210192867374167","0.0454036538004638","0.0404393522871054","0.00359305519478335"
