"","Model","alpha.mean","alpha.sd","beta.mean","beta.sd"
"1","Deming",0.21122396,0.03898066,0.041488842,0.003366119
"2","OLS",0.21075042,0.04900157,0.041625854,0.004325434
"3","WOLS",0.19930413,0.05470234,0.04264756,0.004902064
"4","York",0.21203704,0.03651073,0.041385345,0.003198275
"5","BLM1_fit",0.21070358461025,0.0632344325873803,0.0415151269677428,0.00529875417110579
"6","BLM1_fit_NoErrors",0.213594101085414,0.0640561275320087,0.0412801350768977,0.00534534697949154
"7","BLM3_fit",0.210832347144044,0.0651475247042163,0.041524960889728,0.0054393777693874
