"","Model","alpha.mean","alpha.sd","beta.mean","beta.sd"
"1","Deming",0.21174532,0.03460937,0.041420689,0.003027252
"2","OLS",0.21014388,0.05106092,0.04172271,0.004468283
"3","WOLS",0.20012261,0.05503706,0.042577414,0.004854502
"4","York",0.21032556,0.03680019,0.04158307,0.003186642
"5","BLM1_fit",0.213746449027399,0.0615112997429171,0.0412850181755693,0.00513988215010612
"6","BLM1_fit_NoErrors",0.212380289469768,0.0573234958187324,0.0413802177953707,0.00478110451641635
"7","BLM3_fit",0.214174170980352,0.0640044921766948,0.0412248695169691,0.00532847181802205
