"","Model","alpha.mean","alpha.sd","beta.mean","beta.sd"
"1","Deming",0.20989132,0.03617802,0.041576476,0.003170467
"2","OLS",0.21140856,0.0624921,0.04156344,0.005332583
"3","WOLS",0.19932432,0.05426003,0.04260057,0.004744444
"4","York",0.21087733,0.03735088,0.04152898,0.003293604
"5","BLM1_fit",0.185420110350447,0.0851304208234002,0.0437149232937207,0.00721110518067512
"6","BLM1_fit_NoErrors",0.212996051062826,0.0612729777944896,0.0413201275147814,0.00511043932624285
"7","BLM3_fit",0.212404656366426,0.0627035712962806,0.0413796510133546,0.00520755032885993
