"","Model","alpha.mean","alpha.sd","beta.mean","beta.sd"
"1","Deming",0.15375239,0.07369857,0.045640248,0.006201554
"2","OLS",0.19314421,0.06585909,0.042998762,0.005710853
"3","WOLS",0.18248684,0.07812058,0.043943485,0.006699635
"4","York",0.1532881,0.07298685,0.045690668,0.006135496
"5","BLM1_fit",0.227983826902869,0.0335337658763843,0.0400175443415227,0.00275021870174859
"6","BLM1_fit_NoErrors",0.228331723462064,0.0343699369922965,0.0399943559174126,0.00281398265604963
"7","BLM3_fit",0.227122105161427,0.0350967367676105,0.0401232881360531,0.00287329955118381
