"","Model","alpha.mean","alpha.sd","beta.mean","beta.sd"
"1","Deming",0.28655031,0.02748539,0.034292145,0.00211556
"2","OLS",0.28673334,0.02929503,0.034311027,0.002272381
"3","WOLS",0.28729575,0.029798,0.034242044,0.002349702
"4","York",0.28488807,0.0270139,0.034446659,0.002088071
"5","BLM1_fit",0.261699873285228,0.0259816070982303,0.036398760740579,0.00222044742765851
"6","BLM1_fit_NoErrors",0.261558474076152,0.0269884133936756,0.0364008269927275,0.00225739113467204
"7","BLM3_fit",0.260817187544511,0.0265499356120914,0.0364915691094883,0.00226203848107373
