"","Model","alpha.mean","alpha.se","beta.mean","beta.se"
"1","BLM1_fit",0.2835318289,0.0006900919,3.697418e-02,5.345227e-05
"2","BLM1_fit_NoErrors",0.2828345087,0.0007255424,3.703619e-02,5.645415e-05
"3","BLM3_fit",0.2801101715,0.0006999770,3.725406e-02,5.403525e-05
"4","Deming",0.2685888504,0.0041738641,3.656394e-02,3.323420e-04
"5","OLS",0.2636467787,0.0018491540,3.717191e-02,1.495371e-04
"6","WOLS",0.2579709841,0.0019329188,3.767161e-02,1.546145e-04
"7","York",0.2377897248,0.0024083281,3.937871e-02,1.958262e-04
