"","Model","alpha.mean","alpha.sd","beta.mean","beta.sd"
"1","Deming",0.21035611,0.03428308,0.041531654,0.002983295
"2","OLS",0.20927115,0.04941202,0.041741167,0.0043512
"3","WOLS",0.19960846,0.05932914,0.042574621,0.00526835
"4","York",0.21064417,0.03639858,0.04150361,0.003187742
"5","BLM1_fit",0.228776866636266,0.0327881686642535,0.0400126618324013,0.00267932571146078
"6","BLM1_fit_NoErrors",0.228771692050514,0.0318515342684735,0.0399980555472316,0.00260437541096987
"7","BLM3_fit",0.228554393865992,0.0323175143946297,0.0400286438372449,0.00267196646244614
