"","Model","alpha.mean","alpha.sd","beta.mean","beta.sd"
"1","Deming",0.28559208,0.0289344,0.034391756,0.002213416
"2","OLS",0.28466917,0.03599968,0.034468898,0.002773909
"3","WOLS",0.28676367,0.02790674,0.034281751,0.002163437
"4","York",0.28551062,0.02816353,0.034363766,0.002184579
"5","BLM1_fit",0.278801413652194,0.031577497245283,0.0354964513145486,0.00275793283003096
"6","BLM1_fit_NoErrors",0.282288592775924,0.0368134509500473,0.0346166432516752,0.00315243849568538
"7","BLM3_fit",0.283523467595847,0.0337209424603807,0.0345197777255386,0.00287590029922142
