"","Model","alpha.mean","alpha.sd","beta.mean","beta.sd"
"1","Deming",0.28640632,0.02900106,0.034327286,0.002301769
"2","OLS",0.28654252,0.02944038,0.034301423,0.002247435
"3","WOLS",0.28742533,0.02887364,0.034229378,0.002210421
"4","York",0.28622571,0.02903897,0.03434628,0.002279765
"5","BLM1_fit",0.282533846266557,0.0353241986307685,0.0346193338799022,0.00299736570647751
"6","BLM1_fit_NoErrors",0.281087658978382,0.034252623761311,0.0347238858142605,0.00292927483401299
"7","BLM3_fit",0.282620069361145,0.0338914585197063,0.0345850665151794,0.00288139379449496
