"","Model","alpha.mean","alpha.se","beta.mean","beta.se"
"1","BLM1_fit",0.1842731381,0.0009557839,4.350759e-02,6.840832e-05
"2","BLM1_fit_NoErrors",0.1824267985,0.0009513452,4.362770e-02,6.792422e-05
"3","BLM3_fit",0.1763553125,0.0009652872,4.408300e-02,6.924080e-05
"4","Deming",0.2650248996,0.0047737328,3.684173e-02,3.824078e-04
"5","OLS",0.2624346410,0.0017930004,3.726320e-02,1.457641e-04
"6","WOLS",0.2600239094,0.0018570978,3.745508e-02,1.504536e-04
"7","York",0.2364450111,0.0026185564,3.942686e-02,2.197113e-04
