"","Model","alpha.mean","alpha.sd","beta.mean","beta.sd"
"1","Deming",0.15246491,0.07324556,0.045744493,0.006108159
"2","OLS",0.19522413,0.06613414,0.042817641,0.005655478
"3","WOLS",0.18218079,0.0735209,0.043963723,0.00634759
"4","York",0.15262677,0.07127065,0.04574323,0.005955997
"5","BLM1_fit",0.198185329645628,0.0843503023489104,0.0424854425228052,0.00692701344360869
"6","BLM1_fit_NoErrors",0.198132921685566,0.08201190658455,0.042514422817534,0.00673770447022908
"7","BLM3_fit",0.196863665083631,0.0805928565690449,0.0425910485792183,0.00664033355848887
