"","Model","alpha.mean","alpha.sd","beta.mean","beta.sd"
"1","Deming",0.21008897,0.03794221,0.041585412,0.003275387
"2","OLS",0.21014241,0.04888431,0.041671819,0.004361218
"3","WOLS",0.19841542,0.05394071,0.042684392,0.004793986
"4","York",0.21244343,0.03887404,0.041392512,0.003361183
"5","BLM1_fit",-0.0262178515174511,0.706222067953795,0.0639710117038576,0.0671855746737201
"6","BLM1_fit_NoErrors",0.212526020892123,0.0704729227216404,0.0413811258869393,0.00587139521583135
"7","BLM3_fit",0.210963420770863,0.0640371825286788,0.0415031728921249,0.00536147169353836
