"","Model","alpha.mean","alpha.se","beta.mean","beta.se"
"1","BLM1_fit",0.2308334520,0.0009939994,3.974483e-02,8.304183e-05
"2","BLM1_fit_NoErrors",0.2310680131,0.0010540092,3.974143e-02,8.826249e-05
"3","BLM3_fit",0.2383195699,0.0011132755,3.914189e-02,9.297733e-05
"4","Deming",0.2653143228,0.0047549129,3.675689e-02,3.804667e-04
"5","OLS",0.2609005034,0.0016593239,3.740573e-02,1.332971e-04
"6","WOLS",0.2563127494,0.0019492805,3.774759e-02,1.573899e-04
"7","York",0.2410999423,0.0024024435,3.905670e-02,1.979484e-04
