"","Model","alpha.mean","alpha.sd","beta.mean","beta.sd"
"1","Deming",0.26943508,0.006938382,0.0369471022,0.000550974
"2","OLS",0.268755931,0.00830663,0.0367294058,0.0007478763
"3","WOLS",0.268648476,0.007584465,0.0367430024,0.0007089821
"4","York",0.2695162,0.00697118,0.0369409929,0.00055375
"5","BLM1_fit",0.269356717630513,0.0107231262277141,0.0366813490838189,0.000887498013104231
"6","BLM1_fit_NoErrors",0.269040698197047,0.0107670994109525,0.0367043220158524,0.000890212480973585
"7","BLM3_fit",0.269726391724875,0.0105225406459609,0.0366482561858729,0.000873250589122044
