"","Model","alpha.mean","alpha.sd","beta.mean","beta.sd"
"1","Deming",0.27041248,0.01792989,0.037145065,0.001438906
"2","OLS",0.26883363,0.01727986,0.036668433,0.001562384
"3","WOLS",0.26453751,0.01521729,0.037033971,0.001409247
"4","York",0.27055668,0.01730105,0.037140387,0.001387454
"5","BLM1_fit",0.268060409377791,0.0209525620960345,0.0367262206297884,0.00174036669977419
"6","BLM1_fit_NoErrors",0.267230964715673,0.0212609058836855,0.0368093195877347,0.00174680837114545
"7","BLM3_fit",0.268388458391275,0.0205421781001248,0.0367026936010243,0.00171282294370872
