"","Model","alpha.mean","alpha.sd","beta.mean","beta.sd"
"1","Deming",0.26644052,0.02516197,0.037697848,0.002053445
"2","OLS",0.26672023,0.02250891,0.036830489,0.002043825
"3","WOLS",0.25969506,0.02080581,0.037445834,0.001893555
"4","York",0.26510258,0.02584788,0.037808052,0.00209173
"5","BLM1_fit",0.26521751567438,0.0270661203347968,0.0369627440603804,0.00224930116512625
"6","BLM1_fit_NoErrors",0.26486760962869,0.0261603951973071,0.0369901573537989,0.00216039501060791
"7","BLM3_fit",0.266124774587817,0.0255920371068424,0.0368914997887356,0.00211271432568048
