"","Model","alpha.mean","alpha.sd","beta.mean","beta.sd"
"1","Deming",0.25143197,0.01591235,0.038083286,0.001334419
"2","OLS",0.24211316,0.02072611,0.03884302,0.001834741
"3","WOLS",0.2395693,0.02405916,0.039065415,0.002106793
"4","York",0.25174001,0.01466866,0.038060115,0.001241223
"5","BLM1_fit",0.242378173677631,0.0288353094190546,0.038796218286817,0.00237519975203345
"6","BLM1_fit_NoErrors",0.244127893661178,0.0260107778267946,0.0386377033809324,0.00216178577226082
"7","BLM3_fit",0.242472095064455,0.0275840141409257,0.0387824603376389,0.00229930173422773
