"","Model","alpha.mean","alpha.sd","beta.mean","beta.sd"
"1","Deming",0.22915569,0.0225983,0.039889464,0.001996844
"2","OLS",0.22017826,0.03912366,0.040703255,0.003443456
"3","WOLS",0.21272081,0.03956531,0.041338516,0.003503562
"4","York",0.22971417,0.02379325,0.039819918,0.00211204
"5","BLM1_fit",0.221375111765456,0.0480883207357707,0.0404865942638316,0.00400173256293537
"6","BLM1_fit_NoErrors",0.22191330634464,0.0491568834101154,0.0404575454219666,0.00412172401125036
"7","BLM3_fit",0.22384969536391,0.0555874974358279,0.0402939972668937,0.00463822414593295
