"","Model","alpha.mean","alpha.sd","beta.mean","beta.sd"
"1","Deming",0.21142255,0.03785792,0.041451157,0.003279349
"2","OLS",0.20766197,0.05027075,0.041892003,0.004426762
"3","WOLS",0.19736011,0.05461571,0.042783806,0.004891341
"4","York",0.21020059,0.03768076,0.041551698,0.003220325
"5","BLM1_fit",0.210899299445129,0.0683494177204459,0.0414900636796013,0.00570097073632977
"6","BLM1_fit_NoErrors",0.210607410927693,0.0650789609382092,0.0415192471772518,0.00542146804852
"7","BLM3_fit",0.214559069315268,0.0658826834858401,0.0411894422991922,0.00551312299182858
