"","Model","alpha.mean","alpha.se","beta.mean","beta.se"
"1","BLM1_fit",2.653631e-01,5.011531e-05,3.708702e-02,4.097240e-06
"2","BLM1_fit_NoErrors",2.649950e-01,5.039258e-05,3.711734e-02,4.092232e-06
"3","BLM3_fit",2.647657e-01,5.053495e-05,3.713548e-02,4.112090e-06
"4","Deming",2.629817e-01,2.647605e-04,3.713111e-02,2.066792e-05
"5","OLS",2.640797e-01,8.928366e-05,3.718450e-02,7.121224e-06
"6","WOLS",2.639237e-01,8.421048e-05,3.719727e-02,6.745030e-06
"7","York",2.611833e-01,4.020431e-04,3.745732e-02,2.642587e-05
