"","Model","alpha.mean","alpha.se","beta.mean","beta.se"
"1","BLM1_fit",2.660078e-01,4.108802e-05,3.701086e-02,3.290626e-06
"2","BLM1_fit_NoErrors",2.655029e-01,4.686308e-05,3.705119e-02,3.729014e-06
"3","BLM3_fit",2.656768e-01,4.399527e-05,3.703688e-02,3.524491e-06
"4","Deming",2.630677e-01,2.689667e-04,3.712444e-02,2.091534e-05
"5","OLS",2.640333e-01,8.791283e-05,3.718612e-02,7.048198e-06
"6","WOLS",2.640526e-01,9.172498e-05,3.718747e-02,7.349843e-06
"7","York",2.609211e-01,4.143468e-04,3.746979e-02,2.730663e-05
