"","Model","alpha.mean","alpha.sd","beta.mean","beta.sd"
"1","Deming",0.268842817,0.001817076,0.0368078058,0.0001447046
"2","OLS",0.268961198,0.001833513,0.0368015938,0.0001438129
"3","WOLS",0.268885148,0.001834631,0.0368077802,0.0001442802
"4","York",0.268947542,0.001733237,0.0368024249,0.0001374957
"5","BLM1_fit",0.268244118595207,0.00187114925251504,0.036861813192613,0.000148869000895126
"6","BLM1_fit_NoErrors",0.268973393115037,0.00175088029736893,0.0368006911582641,0.000137619932532444
"7","BLM3_fit",0.268886178767118,0.00178520076635604,0.036808103666987,0.000139851917360489
