"","Model","alpha.mean","alpha.se","beta.mean","beta.se"
"1","BLM1_fit",2.645565e-01,5.129547e-05,3.715092e-02,4.178190e-06
"2","BLM1_fit_NoErrors",2.646104e-01,5.061020e-05,3.714176e-02,4.110114e-06
"3","BLM3_fit",2.647038e-01,5.131103e-05,3.713695e-02,4.149443e-06
"4","Deming",2.634049e-01,2.730743e-04,3.709995e-02,2.109161e-05
"5","OLS",2.639686e-01,8.602214e-05,3.719389e-02,6.892665e-06
"6","WOLS",2.640950e-01,8.908362e-05,3.718717e-02,7.119342e-06
"7","York",2.606197e-01,4.008791e-04,3.749515e-02,2.605072e-05
