"","Model","alpha.mean","alpha.sd","beta.mean","beta.sd"
"1","Deming",0.268357547,0.001942132,0.0369589077,0.0001546889
"2","OLS",0.267148954,0.002600677,0.0369350072,0.0002117994
"3","WOLS",0.26728254,0.002755703,0.0369233247,0.0002237972
"4","York",0.268298172,0.001941214,0.0369616166,0.0001534984
"5","BLM1_fit",0.266859122147345,0.00266272274552292,0.0369586976077986,0.000215206151551661
"6","BLM1_fit_NoErrors",0.26680672973125,0.00275759511011121,0.0369631520522946,0.000222845740134692
"7","BLM3_fit",0.266988506476594,0.00266057203782787,0.036948546105148,0.000214935986314307
