"","Model","alpha.mean","alpha.sd","beta.mean","beta.sd"
"1","Deming",0.268273783,0.001982486,0.0369658305,0.0001575378
"2","OLS",0.266960152,0.00267893,0.0369499343,0.0002160695
"3","WOLS",0.267367836,0.002744613,0.0369169296,0.0002239552
"4","York",0.268211667,0.001915498,0.0369675118,0.0001510532
"5","BLM1_fit",0.266925671221387,0.00274987151626913,0.0369542384050107,0.000222251693972395
"6","BLM1_fit_NoErrors",0.266997347553855,0.00271502461996247,0.0369498874816937,0.000219029661326742
"7","BLM3_fit",0.266982729757724,0.00267353033531653,0.0369500536493251,0.000215427909319615
