"","Model","alpha.mean","alpha.sd","beta.mean","beta.sd"
"1","Deming",0.273086339,0.009361845,0.0365645011,0.0008273486
"2","OLS",0.267022776,0.003322501,0.0369466144,0.0002685165
"3","WOLS",0.267178708,0.00335274,0.0369324718,0.000269392
"4","York",0.274063461,0.00922888,0.0364776708,0.0008070651
"5","BLM1_fit",0.266908328721791,0.00346969866205733,0.0369553141930218,0.000278529316255905
"6","BLM1_fit_NoErrors",0.266952589559406,0.00340547925150148,0.0369525715165618,0.000273404149198594
"7","BLM3_fit",0.26698950989249,0.00342155921913996,0.0369489384178251,0.000273741479417334
