"","Model","alpha.mean","alpha.sd","beta.mean","beta.sd"
"1","Deming",0.268826049,0.001794327,0.0368139507,0.0001426931
"2","OLS",0.268937781,0.001749613,0.0368037274,0.0001388603
"3","WOLS",0.268943653,0.00185278,0.0368023642,0.0001477526
"4","York",0.268994491,0.001719087,0.0368010974,0.0001381533
"5","BLM1_fit",0.268792688410703,0.0017267395704033,0.0368139749994895,0.000137297392869594
"6","BLM1_fit_NoErrors",0.268864037520968,0.00172528165216905,0.0368096428418079,0.00013714319060125
"7","BLM3_fit",0.268829539576141,0.00179933759801853,0.0368124728110097,0.000141652402059866
