"","Model","alpha.mean","alpha.sd","beta.mean","beta.sd"
"1","Deming",0.27352635,0.009325452,0.0365268904,0.0008247216
"2","OLS",0.267136352,0.003439167,0.0369378923,0.000278645
"3","WOLS",0.267249338,0.003553862,0.0369284771,0.00028532
"4","York",0.274072717,0.009009561,0.036482666,0.0007985961
"5","BLM1_fit",0.266921294267936,0.00332060390806554,0.0369531980248103,0.000266723330925113
"6","BLM1_fit_NoErrors",0.266761180560264,0.00338547558744348,0.0369666628655042,0.00026921295955351
"7","BLM3_fit",0.266985571739713,0.0033763676345092,0.0369484410010876,0.000271065353470309
