"","Model","alpha.mean","alpha.sd","beta.mean","beta.sd"
"1","Deming",0.273914368,0.009064607,0.0364937969,0.0008065987
"2","OLS",0.267055433,0.003291324,0.036942935,0.0002662991
"3","WOLS",0.267239221,0.003407668,0.0369266041,0.0002754896
"4","York",0.273685163,0.009202539,0.0365155217,0.0008093858
"5","BLM1_fit",0.26668745760324,0.00334835340719337,0.036973353383939,0.000268297189449546
"6","BLM1_fit_NoErrors",0.266519596262183,0.00342193002450669,0.0369871193917646,0.000274114711409586
"7","BLM3_fit",0.266639295093891,0.00341340970039075,0.0369765959077798,0.000273044419245731
