"","Model","alpha.mean","alpha.sd","beta.mean","beta.sd"
"1","Deming",0.268245139,0.001845929,0.036966341,0.0001461051
"2","OLS",0.266992467,0.00268813,0.0369463498,0.0002181904
"3","WOLS",0.267108007,0.002731073,0.0369375594,0.0002218132
"4","York",0.268292286,0.002012498,0.0369612562,0.0001598499
"5","BLM1_fit",0.26695120966192,0.00275322509546871,0.0369526547363192,0.000221777487574756
"6","BLM1_fit_NoErrors",0.267026722234574,0.00264373735086531,0.0369469264781965,0.000213440365791725
"7","BLM3_fit",0.266969365059829,0.00261042935530366,0.0369519438548923,0.000210816884364099
