"","Model","alpha.mean","alpha.sd","beta.mean","beta.sd"
"1","Deming",0.274168354,0.009373346,0.0364722318,0.0008334636
"2","OLS",0.267008744,0.003387959,0.0369445344,0.0002738015
"3","WOLS",0.267272281,0.003338351,0.0369281749,0.0002705512
"4","York",0.27434964,0.009085195,0.0364461354,0.0008072124
"5","BLM1_fit",0.266683654423186,0.00348614556501459,0.0369734748263665,0.000279028441109208
"6","BLM1_fit_NoErrors",0.266810878315757,0.00338184871026246,0.0369638940438821,0.00027176663958881
"7","BLM3_fit",0.266742469987643,0.00341109339416462,0.0369711980325246,0.000273921093918488
