"","Model","alpha.mean","alpha.sd","beta.mean","beta.sd"
"1","Deming",0.268223013,0.001877864,0.0369682108,0.0001499867
"2","OLS",0.267086889,0.002566389,0.0369387386,0.0002069001
"3","WOLS",0.267221058,0.002768709,0.0369275301,0.0002247471
"4","York",0.268220814,0.001855862,0.0369676434,0.0001510531
"5","BLM1_fit",0.264277434966619,0.00325621376986061,0.0371703619704873,0.000263146140708927
"6","BLM1_fit_NoErrors",0.267119429314737,0.00270570043744209,0.0369393922215572,0.000219095342761011
"7","BLM3_fit",0.267021331531488,0.00271108703367997,0.0369452759090112,0.000218176466599443
