"","Model","alpha.mean","alpha.sd","beta.mean","beta.sd"
"1","Deming",0.268200935,0.001834689,0.0369678115,0.000147694
"2","OLS",0.267068062,0.002698069,0.0369418852,0.0002201277
"3","WOLS",0.267271931,0.002684902,0.0369265054,0.0002188487
"4","York",0.268290773,0.002002238,0.0369620015,0.0001582674
"5","BLM1_fit",0.263256525800985,0.00334692914499346,0.0372569836840489,0.000272387963800659
"6","BLM1_fit_NoErrors",0.267012098009456,0.00272687070296809,0.0369470219334519,0.000219277685467968
"7","BLM3_fit",0.266972930452835,0.00279070289794304,0.0369507230407895,0.000223416577236641
