"","Model","alpha.mean","alpha.sd","beta.mean","beta.sd"
"1","Deming",0.268239768,0.001936825,0.0369665005,0.0001554126
"2","OLS",0.26714711,0.002485533,0.0369352806,0.0002008857
"3","WOLS",0.267237328,0.002765135,0.0369300151,0.0002245799
"4","York",0.268253301,0.001931127,0.0369651472,0.0001550884
"5","BLM1_fit",0.267057264301301,0.00275680975622702,0.036944322256899,0.000222278288695976
"6","BLM1_fit_NoErrors",0.267003668658926,0.00275273344958025,0.0369464494428319,0.00022243011535731
"7","BLM3_fit",0.266985244769019,0.00290659627561742,0.0369494580678214,0.000231598938997736
