"","Model","alpha.mean","alpha.sd","beta.mean","beta.sd"
"1","Deming",0.268366243,0.001989943,0.0369545458,0.0001592702
"2","OLS",0.267147231,0.002656776,0.0369346537,0.0002174057
"3","WOLS",0.267191316,0.002739277,0.0369348941,0.0002213154
"4","York",0.268347081,0.001950377,0.0369586424,0.0001526602
"5","BLM1_fit",0.267086042694822,0.0027123156543858,0.0369433888305679,0.000216229587405262
"6","BLM1_fit_NoErrors",0.267254772392186,0.00276764174896188,0.036929443655259,0.000223334333298884
"7","BLM3_fit",0.267119808003117,0.00276413504705284,0.0369386705946536,0.000221438329228135
