"","Model","alpha.mean","alpha.sd","beta.mean","beta.sd"
"1","Deming",0.268249174,0.001871553,0.0369657901,0.0001478987
"2","OLS",0.267156527,0.002566179,0.0369354389,0.0002070146
"3","WOLS",0.267169759,0.002740577,0.0369367289,0.0002214408
"4","York",0.268167324,0.00194337,0.0369716026,0.0001541776
"5","BLM1_fit",0.267033113656335,0.00269980959463468,0.0369456132992075,0.000216442882275992
"6","BLM1_fit_NoErrors",0.266967847461545,0.00283815843695999,0.0369501928541067,0.000229546420876719
"7","BLM3_fit",0.26697913976306,0.00268408235667567,0.0369487692337302,0.000216808322786811
