"","Model","alpha.mean","alpha.sd","beta.mean","beta.sd"
"1","Deming",0.268915642,0.001751316,0.0368045661,0.000140856
"2","OLS",0.269002835,0.001801431,0.0367964294,0.0001437788
"3","WOLS",0.268930758,0.001793547,0.0368054579,0.0001438577
"4","York",0.268898935,0.001726545,0.0368041489,0.0001386317
"5","BLM1_fit",0.268922674625167,0.00172734571391238,0.0368055295422258,0.000136929851780161
"6","BLM1_fit_NoErrors",0.268959458636394,0.00177086160026191,0.0368026298786986,0.000139516506935592
"7","BLM3_fit",0.268884497180285,0.00181689732287017,0.0368095008234351,0.000142769464514854
