"","Model","alpha.mean","alpha.sd","beta.mean","beta.sd"
"1","Deming",0.274463679,0.009315931,0.0364447118,0.000828308
"2","OLS",0.266925057,0.003390077,0.0369533951,0.0002718468
"3","WOLS",0.267335699,0.003423632,0.0369172785,0.0002780204
"4","York",0.274300653,0.009550988,0.0364538807,0.0008490679
"5","BLM1_fit",0.26446091640702,0.00433149608313067,0.037153813652866,0.000349638212431234
"6","BLM1_fit_NoErrors",0.26697093986191,0.00335172567586723,0.0369492966313702,0.000269954898447923
"7","BLM3_fit",0.267122995890468,0.00354158785845435,0.0369371374370263,0.000283205982918863
