"","Model","alpha.mean","alpha.sd","beta.mean","beta.sd"
"1","Deming",0.266602759,0.00420302,0.0371993899,0.0003347573
"2","OLS",0.264872116,0.00506453,0.0370983079,0.0004164027
"3","WOLS",0.265574711,0.005026345,0.0370441917,0.0004099932
"4","York",0.266206257,0.004049872,0.0372296755,0.0003226731
"5","BLM1_fit",0.257236509113426,0.00802665780996103,0.0377302989463024,0.000658520973324368
"6","BLM1_fit_NoErrors",0.265125449731835,0.00507179893464887,0.0370795799556932,0.00041007932658998
"7","BLM3_fit",0.265301855620278,0.00506203628898202,0.0370632989888305,0.000406008538551511
