"","Model","alpha.mean","alpha.sd","beta.mean","beta.sd"
"1","Deming",0.269968677,0.00327965,0.0367091453,0.0002623228
"2","OLS",0.269923172,0.003222003,0.03671183,0.000257761
"3","WOLS",0.269627237,0.00327183,0.0367312162,0.0002640729
"4","York",0.269668059,0.003278113,0.0367315276,0.0002601152
"5","BLM1_fit",0.269666690182134,0.00309761621131899,0.0367335503497272,0.000246837701270414
"6","BLM1_fit_NoErrors",0.270021795564562,0.00326504511599414,0.0367020889562911,0.000258565508317648
"7","BLM3_fit",0.269987342156421,0.00327487157716133,0.0367078862356879,0.000259659670969967
