"","Model","alpha.mean","alpha.sd","beta.mean","beta.sd"
"1","Deming",0.273342159,0.016050665,0.0365125787,0.0013844225
"2","OLS",0.26441764,0.006409064,0.0371345033,0.0005211313
"3","WOLS",0.265215105,0.006328313,0.0370719131,0.0005117997
"4","York",0.272683704,0.015913574,0.0365714213,0.001385731
"5","BLM1_fit",0.264175685153807,0.00631116754247811,0.0371540124450334,0.000505264963601569
"6","BLM1_fit_NoErrors",0.264703395747218,0.00667506211484301,0.037108769661295,0.000534781585239465
"7","BLM3_fit",0.264632066504451,0.00629660310894346,0.0371173338931701,0.000506043238333007
