"","Model","alpha.mean","alpha.sd","beta.mean","beta.sd"
"1","Deming",0.269763299,0.003134055,0.0367200939,0.0002445814
"2","OLS",0.269813041,0.003351899,0.0367208404,0.0002629379
"3","WOLS",0.270110006,0.003131198,0.0366955571,0.0002476029
"4","York",0.269719924,0.003353535,0.0367243432,0.0002637788
"5","BLM1_fit",0.269540888222914,0.00318201266145759,0.0367437615224097,0.000251471180763374
"6","BLM1_fit_NoErrors",0.269693126520682,0.00320961333852584,0.0367299962110562,0.000252739269596749
"7","BLM3_fit",0.269711014027893,0.00329285953398559,0.0367278198096146,0.000257322039997358
