"","Model","alpha.mean","alpha.sd","beta.mean","beta.sd"
"1","Deming",0.266224295,0.003826044,0.0372335492,0.0003110492
"2","OLS",0.265080956,0.004945152,0.0370804749,0.0004074216
"3","WOLS",0.265349855,0.005144177,0.0370557638,0.0004206528
"4","York",0.265786997,0.003909457,0.0372647465,0.0003162316
"5","BLM1_fit",0.264514868202545,0.0051360458502971,0.0371277059351383,0.000412056898980396
"6","BLM1_fit_NoErrors",0.264500298051331,0.00524447282325066,0.037127261190336,0.000423201108234986
"7","BLM3_fit",0.264711615756011,0.00501546233664935,0.0371130251904008,0.000403948099043698
