"","Model","alpha.mean","alpha.sd","beta.mean","beta.sd"
"1","Deming",0.272538209,0.016381623,0.0365921145,0.0013857387
"2","OLS",0.264420046,0.006267411,0.0371321185,0.000511257
"3","WOLS",0.264954813,0.006514179,0.0370941579,0.0005276955
"4","York",0.272352335,0.016575285,0.0365732901,0.0014301422
"5","BLM1_fit",0.264239896141645,0.00649879117281814,0.0371486967306412,0.000519092978928442
"6","BLM1_fit_NoErrors",0.264436586492156,0.00641001948781767,0.0371322753059612,0.000514974888242513
"7","BLM3_fit",0.264700893771351,0.00639149052696749,0.0371130727387037,0.000512729573803743
