"","Model","alpha.mean","alpha.sd","beta.mean","beta.sd"
"1","Deming",0.266135279,0.003860035,0.037232427,0.0003106314
"2","OLS",0.264978918,0.005016225,0.0370899484,0.0004081263
"3","WOLS",0.265254173,0.004862799,0.0370688241,0.0003929931
"4","York",0.266264952,0.00394597,0.0372251047,0.0003155476
"5","BLM1_fit",0.264812094086811,0.0048109758647859,0.0371036979761233,0.000386049364990594
"6","BLM1_fit_NoErrors",0.265122888405514,0.00512564582529252,0.0370796641141502,0.000412663825034194
"7","BLM3_fit",0.26511391014214,0.00485076643928726,0.0370763100062381,0.000391701295058332
