"","Model","alpha.mean","alpha.sd","beta.mean","beta.sd"
"1","Deming",0.269846772,0.003196483,0.0367142976,0.000252737
"2","OLS",0.269630029,0.003243156,0.0367279783,0.0002586796
"3","WOLS",0.269735376,0.003281766,0.0367260578,0.0002641161
"4","York",0.269458158,0.003171868,0.0367488752,0.0002515884
"5","BLM1_fit",0.264006897880274,0.00388181512216639,0.0372004952828349,0.000309759941612111
"6","BLM1_fit_NoErrors",0.269937490347327,0.00313395487637506,0.0367091265972653,0.000248127157618742
"7","BLM3_fit",0.270040359509929,0.00315769011945774,0.0367050115580963,0.000249962360744636
