"","Model","alpha.mean","alpha.sd","beta.mean","beta.sd"
"1","Deming",0.272440956,0.016117225,0.036586078,0.0013761039
"2","OLS",0.26433508,0.006090564,0.0371423034,0.0004947202
"3","WOLS",0.26520136,0.006489157,0.0370691585,0.0005245692
"4","York",0.273055435,0.016269032,0.0365365581,0.0014357414
"5","BLM1_fit",0.263560536256378,0.00647749171924398,0.0372037919094698,0.000519726675684056
"6","BLM1_fit_NoErrors",0.264061771858264,0.00633858258593769,0.0371632529674593,0.000508421056240299
"7","BLM3_fit",0.263968838940873,0.00632338930940681,0.037169992307202,0.000507246466712192
