"","Model","alpha.mean","alpha.sd","beta.mean","beta.sd"
"1","Deming",0.266182767,0.003806324,0.0372300881,0.0003067935
"2","OLS",0.264783822,0.004787118,0.0371070526,0.0003909166
"3","WOLS",0.265489124,0.005069885,0.0370473425,0.0004112668
"4","York",0.266016474,0.003798159,0.0372430188,0.0003048966
"5","BLM1_fit",0.26436628252075,0.00511198229817675,0.0371425029471918,0.000410495217682407
"6","BLM1_fit_NoErrors",0.264711238092429,0.00513673226281134,0.0371133634414809,0.000412730329859056
"7","BLM3_fit",0.26472212514849,0.00519335131038249,0.037110574369476,0.00041840714931767
