"","Model","alpha.mean","alpha.sd","beta.mean","beta.sd"
"1","Deming",0.266081244,0.004035744,0.0372392894,0.0003268385
"2","OLS",0.265071866,0.004771654,0.0370856216,0.0003892718
"3","WOLS",0.265552041,0.005089313,0.037046035,0.0004164802
"4","York",0.266188489,0.003836729,0.0372344608,0.0003093639
"5","BLM1_fit",0.264882106453647,0.00518428053943687,0.0371011678992184,0.000417066320909423
"6","BLM1_fit_NoErrors",0.265120854443068,0.00514086462483308,0.0370781946226679,0.000412309419811386
"7","BLM3_fit",0.26543046248888,0.00508636392878949,0.0370546949941912,0.000411643386788656
