"","Model","alpha.mean","alpha.sd","beta.mean","beta.sd"
"1","Deming",0.266249048,0.004084232,0.0372269316,0.000330413
"2","OLS",0.265106923,0.004875632,0.0370786431,0.0003953749
"3","WOLS",0.265233987,0.005033394,0.0370726119,0.0004117157
"4","York",0.26587742,0.003635981,0.0372541367,0.0002932286
"5","BLM1_fit",0.264853197762054,0.00524085729168963,0.0371034994673563,0.000421415691868988
"6","BLM1_fit_NoErrors",0.264921847647697,0.00514659180258621,0.0370952549846389,0.000414761097498906
"7","BLM3_fit",0.265234265138614,0.00489620749687214,0.0370693515581909,0.000396256633125384
