"","Model","alpha.mean","alpha.sd","beta.mean","beta.sd"
"1","Deming",0.266164935,0.004100837,0.0372327297,0.0003270849
"2","OLS",0.264942246,0.005003767,0.0370951296,0.0004020799
"3","WOLS",0.26536888,0.005033801,0.0370573102,0.0004115065
"4","York",0.26629638,0.004078522,0.037220506,0.0003286068
"5","BLM1_fit",0.264319531594655,0.00509263057850271,0.0371418220271049,0.000411125685750991
"6","BLM1_fit_NoErrors",0.264756730018034,0.00513222673317715,0.0371083768947622,0.000412938232239723
"7","BLM3_fit",0.264514395425672,0.00482912003485881,0.0371295947753893,0.000391213774465215
