"","Model","alpha.mean","alpha.sd","beta.mean","beta.sd"
"1","Deming",0.266135509,0.003909921,0.0372341547,0.000313529
"2","OLS",0.264931237,0.00486923,0.0370936034,0.0003951286
"3","WOLS",0.265428278,0.004935169,0.037051972,0.0004015164
"4","York",0.266268762,0.004215873,0.037227588,0.0003351143
"5","BLM1_fit",0.252797804922665,0.00857159988957486,0.0380961704344844,0.000702672112096493
"6","BLM1_fit_NoErrors",0.265046593160023,0.00540859333102464,0.037084757372502,0.000432273486306052
"7","BLM3_fit",0.265129167748898,0.00528570593228533,0.0370773909800856,0.000426217139991392
