"","Model","alpha.mean","alpha.sd","beta.mean","beta.sd"
"1","Deming",0.272310189,0.016482571,0.036600476,0.0014286197
"2","OLS",0.264293477,0.006237694,0.0371398416,0.0005057346
"3","WOLS",0.265054607,0.006468545,0.0370794935,0.0005265104
"4","York",0.272495839,0.016063862,0.0365970065,0.0014012617
"5","BLM1_fit",0.264113143348042,0.00654711583816276,0.0371596638298715,0.000525437960909282
"6","BLM1_fit_NoErrors",0.264425158545779,0.00617422150115554,0.0371362409519208,0.000497090848929089
"7","BLM3_fit",0.264494800470944,0.00605247330883387,0.0371284603801715,0.00048379804017773
