"","Model","alpha.mean","alpha.se","beta.mean","beta.se"
"1","BLM1_fit",2.660863e-01,9.490479e-05,3.708861e-02,7.661193e-06
"2","BLM1_fit_NoErrors",2.666421e-01,9.451019e-05,3.702662e-02,7.633112e-06
"3","BLM3_fit",2.659626e-01,9.024077e-05,3.709731e-02,7.372401e-06
"4","Deming",2.579278e-01,5.799716e-04,3.740854e-02,4.490654e-05
"5","OLS",2.612565e-01,1.661838e-04,3.738654e-02,1.321374e-05
"6","WOLS",2.615448e-01,1.653475e-04,3.736591e-02,1.311832e-05
"7","York",2.554884e-01,7.559616e-04,3.799135e-02,4.936440e-05
