"","Model","alpha.mean","alpha.se","beta.mean","beta.se"
"1","BLM1_fit",2.598195e-01,9.037117e-05,3.751667e-02,7.253605e-06
"2","BLM1_fit_NoErrors",2.594928e-01,9.274818e-05,3.754260e-02,7.451509e-06
"3","BLM3_fit",2.596205e-01,9.099603e-05,3.753369e-02,7.296321e-06
"4","Deming",2.582607e-01,5.631177e-04,3.738227e-02,4.381306e-05
"5","OLS",2.608165e-01,1.644972e-04,3.741611e-02,1.311759e-05
"6","WOLS",2.613538e-01,1.623346e-04,3.737950e-02,1.306096e-05
"7","York",2.553026e-01,7.520327e-04,3.799942e-02,4.861949e-05
