"","Model","alpha.mean","alpha.sd","beta.mean","beta.sd"
"1","Deming",0.27249955,0.016732262,0.0365777353,0.0014446415
"2","OLS",0.264246574,0.006679509,0.0371526885,0.0005415795
"3","WOLS",0.265039916,0.006325582,0.0370826672,0.0005129351
"4","York",0.272974827,0.016461338,0.0365465356,0.0014136381
"5","BLM1_fit",0.263589201357154,0.00633418163399866,0.0372016996028504,0.000508199263195803
"6","BLM1_fit_NoErrors",0.263718715305597,0.00620699330693729,0.0371875156108782,0.000499989281596375
"7","BLM3_fit",0.263788747138942,0.00633698698338433,0.037184675223925,0.000507729392267364
