"","Model","alpha.mean","alpha.se","beta.mean","beta.se"
"1","BLM1_fit",2.603497e-01,1.009404e-04,3.749383e-02,8.215613e-06
"2","BLM1_fit_NoErrors",2.602885e-01,9.546533e-05,3.750154e-02,7.799253e-06
"3","BLM3_fit",2.600389e-01,8.626292e-05,3.751957e-02,7.012070e-06
"4","Deming",2.566283e-01,5.685898e-04,3.750482e-02,4.456526e-05
"5","OLS",2.610485e-01,1.665192e-04,3.740145e-02,1.309488e-05
"6","WOLS",2.615177e-01,1.610476e-04,3.736053e-02,1.296657e-05
"7","York",2.543739e-01,7.353647e-04,3.804370e-02,4.832301e-05
