"","Model","alpha.mean","alpha.sd","beta.mean","beta.sd"
"1","Deming",0.266331994,0.004228733,0.0372199782,0.0003364388
"2","OLS",0.265107033,0.005270888,0.0370819713,0.0004300132
"3","WOLS",0.265444614,0.004986035,0.0370485896,0.000407393
"4","York",0.266110352,0.003837632,0.0372402214,0.0003076564
"5","BLM1_fit",0.255266479900244,0.0086997663014094,0.0378851290385397,0.000711402908707277
"6","BLM1_fit_NoErrors",0.264982901757311,0.00523718536791133,0.037089060001889,0.000422280441475803
"7","BLM3_fit",0.264862460104006,0.00499877334375551,0.0370984921240867,0.000405198353309568
