"","Model","alpha.mean","alpha.sd","beta.mean","beta.sd"
"1","Deming",0.268927517,0.019869752,0.0368125989,0.0016837528
"2","OLS",0.26289908,0.00794819,0.0372480859,0.0006491515
"3","WOLS",0.263164864,0.007989695,0.0372341126,0.000645794
"4","York",0.268337767,0.020609169,0.0368557457,0.0017115938
"5","BLM1_fit",0.26125694263132,0.00831933311824796,0.0373802154459897,0.000668628689704864
"6","BLM1_fit_NoErrors",0.262657066846548,0.00798286573705639,0.0372733167927908,0.000636910643527121
"7","BLM3_fit",0.262919102506541,0.00817243801101421,0.0372480159198657,0.00065571043401835
