"","Model","alpha.mean","alpha.sd","beta.mean","beta.sd"
"1","Deming",0.262571997,0.005119125,0.0376111437,0.0004252043
"2","OLS",0.263091808,0.006320361,0.0372394088,0.0005139108
"3","WOLS",0.263831355,0.006363781,0.037176112,0.0005195735
"4","York",0.261940261,0.004958284,0.0376606336,0.0004130848
"5","BLM1_fit",0.261918306588251,0.00651882261498688,0.0373328952714032,0.000525493385267151
"6","BLM1_fit_NoErrors",0.262609082886911,0.00678177154463683,0.0372757919014574,0.000540902779137814
"7","BLM3_fit",0.262614141576319,0.00683909791921177,0.0372760411486621,0.000553828836040114
