"","Model","alpha.mean","alpha.sd","beta.mean","beta.sd"
"1","Deming",0.268122129,0.020842054,0.0368715878,0.0017374057
"2","OLS",0.263300407,0.008014515,0.0372123123,0.0006543277
"3","WOLS",0.263211932,0.007923727,0.0372257228,0.0006426037
"4","York",0.26768854,0.019820739,0.0369051279,0.0016830607
"5","BLM1_fit",0.260428618014542,0.00818765946018118,0.0374488340599026,0.00065483168066399
"6","BLM1_fit_NoErrors",0.262214308310173,0.00812359036005191,0.0373039606468699,0.000650447815798469
"7","BLM3_fit",0.261507722268659,0.00767443277350726,0.037358713670227,0.000620206846380768
