"","Model","alpha.mean","alpha.sd","beta.mean","beta.sd"
"1","Deming",0.2619513,0.004742486,0.0376561216,0.0003885278
"2","OLS",0.263592374,0.006537026,0.0371932356,0.0005328536
"3","WOLS",0.264121824,0.006416496,0.0371604972,0.0005239216
"4","York",0.262095938,0.004941525,0.0376516896,0.0004117653
"5","BLM1_fit",0.262438851912423,0.00645104447543284,0.0372934979568873,0.000518865321957105
"6","BLM1_fit_NoErrors",0.263628936844934,0.00647515664822171,0.0371981102776548,0.000524003971513645
"7","BLM3_fit",0.263427499414442,0.00701972736725628,0.0372099235961297,0.000563971497686687
