"","Model","alpha.mean","alpha.sd","beta.mean","beta.sd"
"1","Deming",0.261751853,0.004887302,0.0376765194,0.0003909629
"2","OLS",0.263675103,0.006126473,0.0371862943,0.0004988815
"3","WOLS",0.263911518,0.006433696,0.0371733296,0.0005238223
"4","York",0.262162664,0.005133665,0.0376490433,0.0004176078
"5","BLM1_fit",0.262386633596943,0.00659369691361294,0.0372941408204344,0.000530311250035231
"6","BLM1_fit_NoErrors",0.263384284973039,0.00677854641833775,0.0372113090864422,0.000540240408252734
"7","BLM3_fit",0.263643077134847,0.00652345662382629,0.0371949781050019,0.000527118590563128
