"","Model","alpha.mean","alpha.se","beta.mean","beta.se"
"1","BLM1_fit",0.2611923911,0.0001205135,3.735822e-02,9.557765e-06
"2","BLM1_fit_NoErrors",0.2610689564,0.0001181928,3.736605e-02,9.384445e-06
"3","BLM3_fit",0.2615940250,0.0001242152,3.732493e-02,9.919934e-06
"4","Deming",0.2542377837,0.0007804048,3.761375e-02,6.091787e-05
"5","OLS",0.2610906854,0.0002143237,3.737366e-02,1.721598e-05
"6","WOLS",0.2610756579,0.0002060286,3.738289e-02,1.651866e-05
"7","York",0.2518229291,0.0009580105,3.829215e-02,6.253199e-05
