"","Model","alpha.mean","alpha.sd","beta.mean","beta.sd"
"1","Deming",0.261834722,0.00482634,0.0376704828,0.0003962858
"2","OLS",0.263565922,0.006175968,0.0372022663,0.0005054056
"3","WOLS",0.263827185,0.006499524,0.0371703594,0.0005278738
"4","York",0.26205894,0.004913587,0.037651858,0.0003983207
"5","BLM1_fit",0.262495928828365,0.0067897337222285,0.037286107195403,0.00054801362975403
"6","BLM1_fit_NoErrors",0.263554679777392,0.00662833121195729,0.0372015061287782,0.000535463321622907
"7","BLM3_fit",0.263582514302325,0.00666152393190209,0.0371975469762544,0.000536420234775455
