"","Model","alpha.mean","alpha.sd","beta.mean","beta.sd"
"1","Deming",0.261854505,0.004748707,0.0376712443,0.0003823036
"2","OLS",0.263426229,0.006516862,0.0372120453,0.0005333866
"3","WOLS",0.263893843,0.00655545,0.0371739178,0.0005316108
"4","York",0.262274519,0.005103485,0.0376394012,0.0004193344
"5","BLM1_fit",0.261889264186122,0.0063509162323216,0.0373359088332932,0.000511162513801037
"6","BLM1_fit_NoErrors",0.262661732362084,0.00663382954596018,0.0372739830598855,0.000531978866322202
"7","BLM3_fit",0.26259314273436,0.00656401554090366,0.0372759937190237,0.000526658058616889
