"","Model","alpha.mean","alpha.sd","beta.mean","beta.sd"
"1","Deming",0.269563321,0.018950341,0.0367909511,0.0015909043
"2","OLS",0.262751521,0.007932047,0.0372578924,0.0006448487
"3","WOLS",0.263688983,0.008139745,0.0371833771,0.000662939
"4","York",0.26883395,0.020096696,0.0368552286,0.0016942539
"5","BLM1_fit",0.261340049152542,0.00831519646204486,0.0373756137176468,0.00066555127439831
"6","BLM1_fit_NoErrors",0.263283209889958,0.00842320638048136,0.0372196520775824,0.000676048760721639
"7","BLM3_fit",0.263039624371867,0.0083425796372025,0.0372418132237133,0.000669428118294113
