"","Model","alpha.mean","alpha.sd","beta.mean","beta.sd"
"1","Deming",0.262126999,0.005076286,0.0376446724,0.0004220228
"2","OLS",0.263543005,0.006408367,0.0372020861,0.000526199
"3","WOLS",0.263877903,0.006730122,0.0371768251,0.0005408943
"4","York",0.262036764,0.005010616,0.0376539881,0.000406713
"5","BLM1_fit",0.255779537546761,0.0149434693269894,0.0378473388485733,0.00122655848328676
"6","BLM1_fit_NoErrors",0.263599063854945,0.00643294366195138,0.0371965161865888,0.000517584479859684
"7","BLM3_fit",0.263636726784569,0.00627341758771942,0.0371938355768478,0.000505253836398864
