"","Model","alpha.mean","alpha.se","beta.mean","beta.se"
"1","BLM1_fit",0.2601102383,0.0001172857,3.737404e-02,9.400473e-06
"2","BLM1_fit_NoErrors",0.2590580284,0.0001168014,3.745914e-02,9.374378e-06
"3","BLM3_fit",0.2585129233,0.0001185011,3.750406e-02,9.525110e-06
"4","Deming",0.2539429827,0.0007784184,3.762102e-02,6.145264e-05
"5","OLS",0.2610444299,0.0002226761,3.738214e-02,1.785274e-05
"6","WOLS",0.2608372665,0.0002133220,3.740684e-02,1.716803e-05
"7","York",0.2515177434,0.0009400731,3.832901e-02,6.113419e-05
