"","Model","alpha.mean","alpha.sd","beta.mean","beta.sd"
"1","Deming",0.270328244,0.004023352,0.0366759699,0.0003176379
"2","OLS",0.27082786,0.004012476,0.0366272002,0.0003191985
"3","WOLS",0.270722061,0.004206425,0.0366385671,0.0003290455
"4","York",0.270134128,0.004086941,0.0366920859,0.0003302801
"5","BLM1_fit",0.270205844564865,0.00396389385659728,0.0366853764053401,0.000312054333552325
"6","BLM1_fit_NoErrors",0.270813984581662,0.00393331930223899,0.0366364335709442,0.000309990880976169
"7","BLM3_fit",0.271110375915075,0.00400021141590346,0.036612151204442,0.000316229092349409
