"","Model","alpha.mean","alpha.sd","beta.mean","beta.sd"
"1","Deming",0.269960374,0.004054472,0.036710484,0.0003246851
"2","OLS",0.27096948,0.004151736,0.0366258311,0.0003284777
"3","WOLS",0.270590427,0.004117069,0.0366521488,0.0003292115
"4","York",0.270066018,0.004090426,0.036697085,0.0003227566
"5","BLM1_fit",0.265007738355396,0.00570802204055703,0.0371206142313753,0.000459241761859963
"6","BLM1_fit_NoErrors",0.270923460254702,0.00394995622488996,0.0366278997674095,0.000310003782870502
"7","BLM3_fit",0.270793858525291,0.00391589934550747,0.0366384824415891,0.000309320473152287
