"","Model","alpha.mean","alpha.sd","beta.mean","beta.sd"
"1","Deming",0.262248174,0.005120962,0.0376374177,0.0004195294
"2","OLS",0.263652332,0.006266334,0.0371897708,0.0005106567
"3","WOLS",0.263980644,0.006194716,0.0371679881,0.0005013668
"4","York",0.261992674,0.005027538,0.0376582301,0.0004069471
"5","BLM1_fit",0.23018925434477,0.0135404142067067,0.0399947490136157,0.00114112465763504
"6","BLM1_fit_NoErrors",0.263807215107483,0.00686627094187601,0.0371827883753389,0.000551926603531259
"7","BLM3_fit",0.263368475151474,0.00677311803822254,0.0372170749828634,0.000545768171854814
