"","Model","alpha.mean","alpha.se","beta.mean","beta.se"
"1","BLM1_fit",0.2658415217,0.0001126085,3.698955e-02,9.036076e-06
"2","BLM1_fit_NoErrors",0.2662782383,0.0001233101,3.695284e-02,9.873556e-06
"3","BLM3_fit",0.2660643974,0.0001373786,3.697413e-02,1.097286e-05
"4","Deming",0.2552577523,0.0007977498,3.754394e-02,6.184247e-05
"5","OLS",0.2609257771,0.0002086734,3.739641e-02,1.659301e-05
"6","WOLS",0.2611941174,0.0002175057,3.736662e-02,1.730013e-05
"7","York",0.2534242865,0.0009667220,3.825499e-02,6.278568e-05
