"","Model","alpha.mean","alpha.sd","beta.mean","beta.sd"
"1","Deming",0.268477403,0.020162685,0.0368651459,0.0016953551
"2","OLS",0.263128707,0.008087377,0.0372340704,0.0006560275
"3","WOLS",0.26335613,0.00800389,0.0372115169,0.0006487301
"4","York",0.267651747,0.020539861,0.0369150113,0.0017178194
"5","BLM1_fit",0.260421850572782,0.00798617802799143,0.0374512268132425,0.000640962551584434
"6","BLM1_fit_NoErrors",0.261713724847869,0.00764788096126014,0.0373471224888998,0.000610845828761933
"7","BLM3_fit",0.261772945386247,0.00815778375820261,0.0373428186047957,0.000655042702004477
