"","Model","alpha.mean","alpha.sd","beta.mean","beta.sd"
"1","Deming",0.26204276,0.004976889,0.0376555621,0.0004171539
"2","OLS",0.263295799,0.006450471,0.0372209891,0.0005238865
"3","WOLS",0.263798239,0.006403526,0.037178789,0.000525647
"4","York",0.261942507,0.005110399,0.0376583638,0.0004182977
"5","BLM1_fit",0.261974126366057,0.00642759907960756,0.0373263555722697,0.00051779324499589
"6","BLM1_fit_NoErrors",0.262938333842745,0.00647119620812551,0.0372508142582422,0.000524995848818696
"7","BLM3_fit",0.262811874770307,0.00631760111765844,0.0372576897325211,0.000510901863308988
